Date,High,Low,Open,Close,Volume,Adj Close
2015-10-21,60.970001220703125,55.0,60.0,55.0,22425300.0,53.139129638671875
2015-10-22,58.20000076293945,55.70000076293945,57.06999969482422,56.75,4545100.0,54.829917907714844
2015-10-23,58.0,56.27000045776367,57.77000045776367,56.380001068115234,1967600.0,54.472434997558594
2015-10-26,57.0,54.53499984741211,57.0,55.02000045776367,1466200.0,53.158451080322266
2015-10-27,54.9900016784668,49.36000061035156,54.79999923706055,53.849998474121094,5949200.0,52.02803421020508
2015-10-28,54.15999984741211,50.099998474121094,54.02000045776367,51.869998931884766,2411300.0,50.115028381347656
2015-10-29,52.470001220703125,50.75699996948242,51.869998931884766,51.02000045776367,1362800.0,49.29378890991211
2015-10-30,51.79999923706055,49.65999984741211,51.560001373291016,50.43000030517578,1355100.0,48.723751068115234
2015-11-02,53.16999816894531,49.88999938964844,50.86000061035156,53.08000183105469,890200.0,51.28409194946289
2015-11-03,55.0,52.119998931884766,53.09000015258789,52.380001068115234,1022400.0,50.6077766418457
2015-11-04,54.040000915527344,52.75,52.959999084472656,53.439998626708984,753300.0,51.63190841674805
2015-11-05,53.849998474121094,51.61000061035156,53.45000076293945,51.7400016784668,820200.0,49.98942565917969
2015-11-06,52.43000030517578,51.79999923706055,52.20000076293945,52.43000030517578,513500.0,50.65608215332031
2015-11-09,53.650001525878906,52.0,52.81999969482422,53.20000076293945,442800.0,51.40003204345703
2015-11-10,54.0,53.09000015258789,53.70000076293945,54.0,376800.0,52.1729621887207
2015-11-11,54.5,53.029998779296875,54.0,54.34000015258789,471500.0,52.501461029052734
2015-11-12,54.400001525878906,53.2599983215332,54.33000183105469,54.119998931884766,379300.0,52.288902282714844
2015-11-13,53.95000076293945,50.52000045776367,53.95000076293945,51.400001525878906,1337000.0,49.66093444824219
2015-11-16,51.95000076293945,48.83000183105469,51.95000076293945,49.5099983215332,1297500.0,47.83487319946289
2015-11-17,50.77000045776367,48.810001373291016,50.279998779296875,48.97999954223633,897300.0,47.32280731201172
2015-11-18,49.4739990234375,47.209999084472656,49.38999938964844,47.279998779296875,1102000.0,45.680328369140625
2015-11-19,47.86000061035156,45.83000183105469,47.459999084472656,47.599998474121094,2163800.0,45.98949432373047
2015-11-20,48.4900016784668,47.619998931884766,47.869998931884766,48.08000183105469,542500.0,46.45326232910156
2015-11-23,48.290000915527344,45.97999954223633,48.099998474121094,46.0,1389000.0,44.44363784790039
2015-11-24,46.459999084472656,44.650001525878906,46.0,46.279998779296875,1036600.0,44.71415710449219
2015-11-25,46.83000183105469,45.5,46.5,45.65999984741211,868900.0,44.115135192871094
2015-11-27,46.41999816894531,45.400001525878906,45.59000015258789,46.060001373291016,285300.0,44.50160217285156
2015-11-30,46.869998931884766,45.880001068115234,46.29999923706055,46.349998474121094,566400.0,44.78178787231445
2015-12-01,48.2599983215332,46.439998626708984,46.5,47.63999938964844,667100.0,46.02814865112305
2015-12-02,48.12799835205078,46.849998474121094,47.880001068115234,47.209999084472656,614800.0,45.61269760131836
2015-12-03,47.86000061035156,46.25,47.439998626708984,47.060001373291016,528500.0,45.467769622802734
2015-12-04,48.849998474121094,47.09000015258789,47.34000015258789,48.54999923706055,583200.0,46.90735626220703
2015-12-07,50.38999938964844,47.5099983215332,48.650001525878906,47.9900016784668,861400.0,46.36630630493164
2015-12-08,49.0,47.0,48.4900016784668,47.619998931884766,842500.0,46.00882339477539
2015-12-09,49.439998626708984,47.13999938964844,47.439998626708984,47.75,507600.0,46.13442611694336
2015-12-10,49.36000061035156,47.880001068115234,48.06999969482422,48.97999954223633,526800.0,47.32280731201172
2015-12-11,49.220001220703125,47.59400177001953,48.0099983215332,48.790000915527344,480300.0,47.13924026489258
2015-12-14,48.70000076293945,46.0,48.04999923706055,46.93000030517578,691500.0,45.342166900634766
2015-12-15,49.09000015258789,46.900001525878906,46.93000030517578,47.54999923706055,760700.0,45.94118881225586
2015-12-16,48.970001220703125,47.290000915527344,48.31999969482422,48.5,534500.0,46.85905075073242
2015-12-17,48.9900016784668,47.02000045776367,48.650001525878906,47.47999954223633,547100.0,45.873558044433594
2015-12-18,47.47999954223633,46.0,46.959999084472656,46.36000061035156,461200.0,44.79145431518555
2015-12-21,47.79999923706055,46.09000015258789,46.25,47.40999984741211,623100.0,45.80592727661133
2015-12-22,48.72999954223633,46.560001373291016,47.47999954223633,46.619998931884766,448500.0,45.042659759521484
2015-12-23,47.9900016784668,46.810001373291016,47.040000915527344,47.04999923706055,232200.0,45.45811080932617
2015-12-24,47.5099983215332,46.61000061035156,46.619998931884766,46.75,150600.0,45.16825866699219
2015-12-28,47.5,46.275001525878906,47.290000915527344,46.43000030517578,269300.0,44.85908508300781
2015-12-29,48.13999938964844,46.70500183105469,46.84000015258789,47.93000030517578,505500.0,46.30833053588867
2015-12-30,48.54999923706055,47.5,47.93000030517578,48.40999984741211,297000.0,46.772098541259766
2015-12-31,48.8849983215332,47.43000030517578,48.2599983215332,48.0,390400.0,46.37596893310547
2016-01-04,47.810001373291016,46.40999984741211,47.290000915527344,47.38999938964844,2507000.0,45.78660583496094
2016-01-05,48.72999954223633,47.45000076293945,48.599998474121094,48.4900016784668,1934400.0,46.84939193725586
2016-01-06,47.86000061035156,46.58000183105469,47.75,47.06999969482422,2554900.0,45.47743225097656
2016-01-07,47.08000183105469,46.15999984741211,46.41999816894531,46.650001525878906,1775300.0,45.07164001464844
2016-01-08,46.630001068115234,43.11000061035156,46.599998474121094,43.11000061035156,5116900.0,41.65141296386719
2016-01-11,43.86000061035156,42.099998474121094,43.20000076293945,43.380001068115234,2250000.0,41.91228103637695
2016-01-12,44.09000015258789,42.86000061035156,43.95000076293945,43.65999984741211,1933800.0,42.18280792236328
2016-01-13,43.58000183105469,42.20000076293945,43.43000030517578,42.66999816894531,1440600.0,41.22629928588867
2016-01-14,42.560001373291016,40.56999969482422,42.470001220703125,41.9900016784668,3631200.0,40.56930923461914
2016-01-15,40.7400016784668,39.65999984741211,40.470001220703125,40.02000045776367,1878300.0,38.66596221923828
2016-01-19,42.29999923706055,40.560001373291016,40.689998626708984,41.66999816894531,1396800.0,40.260135650634766
2016-01-20,40.97999954223633,38.36000061035156,40.97999954223633,39.900001525878906,2620700.0,38.55002212524414
2016-01-21,40.869998931884766,39.61000061035156,40.279998779296875,40.540000915527344,1573200.0,39.168373107910156
2016-01-22,41.994998931884766,41.029998779296875,41.209999084472656,41.849998474121094,1243900.0,40.434043884277344
2016-01-25,41.61000061035156,39.72999954223633,41.470001220703125,40.2400016784668,1388300.0,38.87852096557617
2016-01-26,42.310001373291016,40.22999954223633,40.279998779296875,41.45000076293945,967500.0,40.04758071899414
2016-01-27,41.810001373291016,40.494998931884766,41.310001373291016,40.61000061035156,1124900.0,39.236000061035156
2016-01-28,40.900001525878906,39.15999984741211,40.81999969482422,39.959999084472656,1155000.0,38.60799026489258
2016-01-29,40.060001373291016,38.95000076293945,39.47999954223633,39.77000045776367,1480200.0,38.42442321777344
2016-02-01,40.04999923706055,38.849998474121094,38.91999816894531,39.93000030517578,1185500.0,38.57900619506836
2016-02-02,40.0,34.03099822998047,39.84000015258789,34.97999954223633,7485100.0,33.796485900878906
2016-02-03,37.56999969482422,35.349998474121094,37.2400016784668,37.09000015258789,4631600.0,35.8350944519043
2016-02-04,39.470001220703125,36.0,36.25,38.880001068115234,1899600.0,37.56453323364258
2016-02-05,38.7400016784668,37.185001373291016,38.72999954223633,37.70000076293945,861400.0,36.42445373535156
2016-02-08,37.13999938964844,34.86000061035156,37.040000915527344,35.95000076293945,1537800.0,34.73366928100586
2016-02-09,35.38999938964844,33.59600067138672,34.439998626708984,33.959999084472656,1653300.0,32.81099319458008
2016-02-10,35.08000183105469,33.08000183105469,35.029998779296875,33.27000045776367,1481800.0,32.14434051513672
2016-02-11,32.47999954223633,31.65999984741211,32.290000915527344,32.0,1447600.0,30.91731071472168
2016-02-12,34.33000183105469,32.16999816894531,32.34000015258789,34.150001525878906,1950300.0,32.994571685791016
2016-02-16,35.79999923706055,34.111000061035156,34.619998931884766,35.650001525878906,1263500.0,34.44382095336914
2016-02-17,39.33000183105469,36.36000061035156,36.380001068115234,39.099998474121094,1762400.0,37.7770881652832
2016-02-18,38.900001525878906,38.040000915527344,38.7599983215332,38.7599983215332,1327800.0,37.44859313964844
2016-02-19,38.77000045776367,37.68000030517578,37.900001525878906,38.5099983215332,507400.0,37.207054138183594
2016-02-22,40.150001525878906,39.25,39.41999816894531,39.939998626708984,1045500.0,38.58866882324219
2016-02-23,39.44900131225586,38.68000030517578,39.25,38.939998626708984,578100.0,37.622501373291016
2016-02-24,38.650001525878906,37.16999816894531,37.2599983215332,38.56999969482422,583100.0,37.265018463134766
2016-02-25,38.790000915527344,37.91999816894531,38.209999084472656,38.70000076293945,376300.0,37.390621185302734
2016-02-26,38.86000061035156,38.2599983215332,38.77000045776367,38.459999084472656,381000.0,37.15874481201172
2016-02-29,38.72999954223633,37.970001220703125,38.4900016784668,37.97999954223633,493800.0,36.69498062133789
2016-03-01,39.4900016784668,38.42499923706055,38.779998779296875,39.4900016784668,678100.0,38.15389633178711
2016-03-02,39.58000183105469,38.91999816894531,39.06999969482422,39.540000915527344,338800.0,38.202205657958984
2016-03-03,39.630001068115234,39.0099983215332,39.099998474121094,39.400001525878906,386700.0,38.06694030761719
2016-03-04,39.93000030517578,38.99100112915039,39.2400016784668,39.7400016784668,404700.0,38.39543533325195
2016-03-07,40.750999450683594,39.11000061035156,39.11000061035156,40.599998474121094,971600.0,39.22633743286133
2016-03-08,42.040000915527344,41.0099983215332,41.93000030517578,41.220001220703125,944000.0,39.82535934448242
2016-03-09,42.36000061035156,41.400001525878906,41.720001220703125,42.029998779296875,483500.0,40.60795593261719
2016-03-10,42.10499954223633,40.849998474121094,41.97999954223633,41.56999969482422,643100.0,40.16352081298828
2016-03-11,42.91999816894531,42.0099983215332,42.09000015258789,42.77000045776367,564000.0,41.32292175292969
2016-03-14,42.810001373291016,41.94499969482422,42.56999969482422,42.040000915527344,724300.0,40.61761474609375
2016-03-15,41.79999923706055,41.099998474121094,41.459999084472656,41.40999984741211,307900.0,40.00893783569336
2016-03-16,42.58000183105469,41.099998474121094,41.11000061035156,42.2599983215332,494800.0,40.83017349243164
2016-03-17,43.0,42.15999984741211,42.4900016784668,42.709999084472656,271500.0,41.26494598388672
2016-03-18,43.060001373291016,42.400001525878906,42.72999954223633,42.400001525878906,491800.0,40.96543884277344
2016-03-21,42.5,41.970001220703125,42.380001068115234,42.040000915527344,338600.0,40.61761474609375
2016-03-22,42.0,41.5,41.63999938964844,41.65999984741211,271100.0,40.2504768371582
2016-03-23,41.65999984741211,40.68000030517578,41.65999984741211,40.68000030517578,225900.0,39.30363082885742
2016-03-24,41.20000076293945,40.150001525878906,40.22999954223633,41.150001525878906,218400.0,39.75773239135742
2016-03-28,41.4900016784668,40.529998779296875,41.040000915527344,41.099998474121094,205700.0,39.70941925048828
2016-03-29,41.54999923706055,40.720001220703125,40.869998931884766,41.52000045776367,312400.0,40.115211486816406
2016-03-30,42.5,41.91999816894531,42.099998474121094,42.310001373291016,463400.0,40.87848663330078
2016-03-31,41.86000061035156,41.310001373291016,41.59000015258789,41.70000076293945,344300.0,40.289119720458984
2016-04-01,41.18000030517578,40.65999984741211,40.72999954223633,41.04999923706055,425400.0,39.66111373901367
2016-04-04,41.709999084472656,41.029998779296875,41.2400016784668,41.150001525878906,1250100.0,39.75773239135742
2016-04-05,40.56999969482422,40.04999923706055,40.209999084472656,40.25,392100.0,38.888179779052734
2016-04-06,41.709999084472656,40.11000061035156,40.189998626708984,41.38999938964844,614500.0,39.98960494995117
2016-04-07,41.189998626708984,40.380001068115234,40.880001068115234,40.650001525878906,640500.0,39.2746467590332
2016-04-08,41.41999816894531,40.83000183105469,41.2599983215332,41.130001068115234,503600.0,39.738407135009766
2016-04-11,41.869998931884766,41.084999084472656,41.16999816894531,41.380001068115234,497100.0,39.97994613647461
2016-04-12,41.41699981689453,40.75,41.2400016784668,41.34000015258789,333500.0,39.94129943847656
2016-04-13,42.0099983215332,41.619998931884766,41.939998626708984,41.95000076293945,362700.0,40.53066635131836
2016-04-14,42.93000030517578,41.720001220703125,42.060001373291016,42.47999954223633,453500.0,41.04273223876953
2016-04-15,44.0,43.04999923706055,43.310001373291016,43.970001220703125,674600.0,42.482322692871094
2016-04-18,44.189998626708984,43.65999984741211,43.83000183105469,43.91999816894531,305500.0,42.43400955200195
2016-04-19,44.869998931884766,44.439998626708984,44.439998626708984,44.77000045776367,514700.0,43.255252838134766
2016-04-20,44.790000915527344,44.36000061035156,44.65999984741211,44.5,589200.0,42.994384765625
2016-04-21,44.59000015258789,43.57500076293945,44.59000015258789,43.619998931884766,495600.0,42.14415740966797
2016-04-22,43.54999923706055,42.83000183105469,43.5,42.97999954223633,378800.0,41.52581024169922
2016-04-25,43.29999923706055,42.77000045776367,43.2400016784668,42.959999084472656,211600.0,41.50648498535156
2016-04-26,44.165000915527344,43.540000915527344,43.7400016784668,44.060001373291016,491500.0,42.56927490234375
2016-04-27,44.15999984741211,43.720001220703125,43.81999969482422,43.959999084472656,377700.0,42.47265625
2016-04-28,45.4900016784668,43.95000076293945,44.060001373291016,45.0,1041900.0,43.47746658325195
2016-04-29,46.119998931884766,44.880001068115234,45.369998931884766,45.849998474121094,1267300.0,44.29871368408203
2016-05-02,46.54999923706055,43.54999923706055,46.5,44.529998779296875,1323200.0,43.02336883544922
2016-05-03,44.09400177001953,43.650001525878906,43.849998474121094,43.95000076293945,450600.0,42.46299362182617
2016-05-04,44.61000061035156,43.88999938964844,44.130001068115234,43.93000030517578,611600.0,42.443668365478516
2016-05-05,43.790000915527344,42.56999969482422,43.790000915527344,42.93000030517578,682100.0,41.47750473022461
2016-05-06,43.689998626708984,42.91999816894531,43.040000915527344,43.22999954223633,472200.0,41.767356872558594
2016-05-09,43.15999984741211,42.72999954223633,43.09000015258789,42.91999816894531,299400.0,41.46784210205078
2016-05-10,43.525001525878906,43.16999816894531,43.18000030517578,43.43000030517578,495500.0,41.96058654785156
2016-05-11,43.630001068115234,43.09000015258789,43.18000030517578,43.15999984741211,382700.0,41.6997184753418
2016-05-12,43.63999938964844,42.790000915527344,43.529998779296875,43.130001068115234,307900.0,41.670738220214844
2016-05-13,44.47999954223633,43.560001373291016,43.56999969482422,43.650001525878906,613200.0,42.17314529418945
2016-05-16,44.02000045776367,43.529998779296875,43.72999954223633,43.619998931884766,446300.0,42.14415740966797
2016-05-17,42.88999938964844,42.0099983215332,42.779998779296875,42.08000183105469,454800.0,40.65626907348633
2016-05-18,42.70000076293945,41.65999984741211,42.119998931884766,41.84000015258789,416200.0,40.424381256103516
2016-05-19,41.79999923706055,40.11000061035156,41.72999954223633,40.52000045776367,1007000.0,39.149044036865234
2016-05-20,41.31999969482422,40.7599983215332,41.20000076293945,41.029998779296875,355600.0,39.64178466796875
2016-05-23,40.7400016784668,40.04999923706055,40.47999954223633,40.099998474121094,245700.0,39.18254470825195
2016-05-24,41.52000045776367,40.869998931884766,40.939998626708984,41.33000183105469,728300.0,40.384403228759766
2016-05-25,42.349998474121094,41.81999969482422,42.220001220703125,42.0,389600.0,41.0390739440918
2016-05-26,42.29999923706055,41.66999816894531,42.11000061035156,41.900001525878906,209700.0,40.94136428833008
2016-05-27,42.11000061035156,41.54999923706055,42.04999923706055,41.97999954223633,211700.0,41.019535064697266
2016-05-31,42.66999816894531,42.25,42.38999938964844,42.43000030517578,440900.0,41.45923614501953
2016-06-01,42.619998931884766,42.060001373291016,42.349998474121094,42.540000915527344,562600.0,41.56671905517578
2016-06-02,43.540000915527344,42.58000183105469,42.709999084472656,43.529998779296875,496500.0,42.53406524658203
2016-06-03,43.2400016784668,42.75,43.0,43.18000030517578,614500.0,42.192073822021484
2016-06-06,43.18000030517578,42.630001068115234,42.650001525878906,42.97999954223633,351500.0,41.99665069580078
2016-06-07,44.43000030517578,43.540000915527344,43.540000915527344,44.29999923706055,494700.0,43.28644943237305
2016-06-08,44.20000076293945,43.630001068115234,43.97999954223633,43.70000076293945,184900.0,42.70018005371094
2016-06-09,43.689998626708984,43.099998474121094,43.150001525878906,43.5,330700.0,42.50475311279297
2016-06-10,42.279998779296875,41.869998931884766,42.150001525878906,42.15999984741211,665700.0,41.19541549682617
2016-06-13,41.529998779296875,40.90999984741211,40.970001220703125,41.380001068115234,884900.0,40.43326187133789
2016-06-14,41.25,40.90999984741211,40.95000076293945,41.150001525878906,367100.0,40.20852279663086
2016-06-15,42.060001373291016,40.83000183105469,40.83000183105469,41.650001525878906,425900.0,40.69708251953125
2016-06-16,41.459999084472656,40.400001525878906,40.56999969482422,41.400001525878906,522900.0,40.45280456542969
2016-06-17,42.36000061035156,41.560001373291016,41.599998474121094,42.13999938964844,268000.0,41.175872802734375
2016-06-20,43.52000045776367,42.97999954223633,43.41999816894531,43.0099983215332,436100.0,42.02596664428711
2016-06-21,43.380001068115234,42.470001220703125,43.369998931884766,42.599998474121094,259500.0,41.625343322753906
2016-06-22,43.20000076293945,42.119998931884766,43.11000061035156,42.16999816894531,523800.0,41.20518112182617
2016-06-23,43.79399871826172,43.119998931884766,43.540000915527344,43.779998779296875,479100.0,42.77834701538086
2016-06-24,41.349998474121094,40.5,40.66999816894531,40.59000015258789,1136800.0,39.66133117675781
2016-06-27,39.709999084472656,38.709999084472656,39.709999084472656,38.880001068115234,1103600.0,37.990455627441406
2016-06-28,40.63999938964844,39.72999954223633,40.02000045776367,40.099998474121094,671900.0,39.18254470825195
2016-06-29,40.43000030517578,39.7869987487793,39.91999816894531,40.09000015258789,865400.0,39.17277145385742
2016-06-30,41.02000045776367,40.04999923706055,40.380001068115234,40.93000030517578,516300.0,39.993553161621094
2016-07-01,41.849998474121094,41.25,41.709999084472656,41.47999954223633,322700.0,40.530967712402344
2016-07-05,40.970001220703125,39.79999923706055,40.93000030517578,39.9900016784668,597900.0,39.0750617980957
2016-07-06,40.099998474121094,38.79999923706055,38.900001525878906,40.09000015258789,767200.0,39.17277145385742
2016-07-07,40.22999954223633,39.4900016784668,39.79999923706055,39.540000915527344,475600.0,38.63535690307617
2016-07-08,41.959999084472656,40.7400016784668,40.959999084472656,41.25,697800.0,40.306236267089844
2016-07-11,42.36000061035156,41.970001220703125,42.34000015258789,42.029998779296875,433200.0,41.06838607788086
2016-07-12,42.970001220703125,42.560001373291016,42.84000015258789,42.56999969482422,339800.0,41.596031188964844
2016-07-13,42.72999954223633,41.880001068115234,42.70000076293945,42.08000183105469,327100.0,41.117244720458984
2016-07-14,42.9900016784668,42.54999923706055,42.709999084472656,42.810001373291016,230200.0,41.830543518066406
2016-07-15,42.59000015258789,42.349998474121094,42.540000915527344,42.369998931884766,127000.0,41.40060806274414
2016-07-18,42.66999816894531,42.060001373291016,42.279998779296875,42.209999084472656,444600.0,41.24427032470703
2016-07-19,42.349998474121094,41.779998779296875,41.810001373291016,42.13999938964844,210000.0,41.175872802734375
2016-07-20,42.349998474121094,42.000999450683594,42.290000915527344,42.13999938964844,249400.0,41.175872802734375
2016-07-21,42.84600067138672,42.25,42.2599983215332,42.68000030517578,529300.0,41.703514099121094
2016-07-22,43.0,42.65999984741211,42.81999969482422,42.91999816894531,234600.0,41.93802261352539
2016-07-25,43.619998931884766,42.939998626708984,43.18000030517578,43.470001220703125,347500.0,42.475440979003906
2016-07-26,43.86000061035156,43.2599983215332,43.2599983215332,43.599998474121094,214700.0,42.60246658325195
2016-07-27,45.0,44.439998626708984,44.810001373291016,44.77000045776367,625400.0,43.74570083618164
2016-07-28,44.77000045776367,43.65999984741211,44.7599983215332,44.189998626708984,515200.0,43.1789665222168
2016-07-29,45.18000030517578,44.66999816894531,45.04999923706055,45.16999816894531,748400.0,44.13654708862305
2016-08-01,45.81999969482422,44.849998474121094,45.029998779296875,45.779998779296875,961500.0,44.73258972167969
2016-08-02,47.08000183105469,45.0,45.599998474121094,46.5099983215332,1898400.0,45.445884704589844
2016-08-03,47.22999954223633,46.380001068115234,46.43000030517578,46.88999938964844,777900.0,45.81719207763672
2016-08-04,47.040000915527344,46.375,46.709999084472656,46.65999984741211,493800.0,45.59245681762695
2016-08-05,47.09000015258789,46.79999923706055,47.0,46.880001068115234,316500.0,45.80742263793945
2016-08-08,47.54999923706055,47.08000183105469,47.38999938964844,47.45000076293945,1460500.0,46.364383697509766
2016-08-09,47.81999969482422,47.209999084472656,47.52000045776367,47.459999084472656,406600.0,46.37415313720703
2016-08-10,48.119998931884766,47.7400016784668,47.93000030517578,47.95000076293945,356500.0,46.85293960571289
2016-08-11,48.209999084472656,47.81999969482422,48.06999969482422,48.04999923706055,209900.0,46.950653076171875
2016-08-12,48.599998474121094,48.2599983215332,48.36000061035156,48.40999984741211,313000.0,47.30241775512695
2016-08-15,48.70000076293945,48.40999984741211,48.40999984741211,48.68000030517578,149400.0,47.56623840332031
2016-08-16,48.119998931884766,47.56999969482422,47.880001068115234,47.93000030517578,331600.0,46.833396911621094
2016-08-17,48.38999938964844,47.56999969482422,47.619998931884766,48.380001068115234,505400.0,47.27310562133789
2016-08-18,48.65999984741211,47.959999084472656,48.060001373291016,48.65999984741211,340700.0,47.546695709228516
2016-08-19,48.400001525878906,47.349998474121094,47.43000030517578,48.400001525878906,609300.0,47.29265213012695
2016-08-22,48.560001373291016,47.72999954223633,47.7599983215332,48.40999984741211,470200.0,47.30241775512695
2016-08-23,49.11000061035156,48.63999938964844,48.880001068115234,49.11000061035156,498200.0,47.98640441894531
2016-08-24,48.650001525878906,48.369998931884766,48.5,48.529998779296875,305100.0,47.41967010498047
2016-08-25,48.43000030517578,48.040000915527344,48.040000915527344,48.400001525878906,246700.0,47.29265213012695
2016-08-26,48.939998626708984,48.2599983215332,48.349998474121094,48.7400016784668,884500.0,47.62487030029297
2016-08-29,48.779998779296875,48.150001525878906,48.400001525878906,48.66999816894531,324900.0,47.55646896362305
2016-08-30,48.599998474121094,48.349998474121094,48.38999938964844,48.54999923706055,392800.0,47.439212799072266
2016-08-31,48.4900016784668,47.959999084472656,48.189998626708984,48.13999938964844,729200.0,47.038597106933594
2016-09-01,48.59000015258789,47.93000030517578,48.27000045776367,48.31999969482422,305900.0,47.2144775390625
2016-09-02,48.59000015258789,48.060001373291016,48.25,48.5,428300.0,47.390357971191406
2016-09-06,48.720001220703125,48.25,48.25,48.66999816894531,364200.0,47.55646896362305
2016-09-07,50.09000015258789,49.29999923706055,49.54999923706055,49.7599983215332,389400.0,48.62152862548828
2016-09-08,49.709999084472656,48.939998626708984,49.099998474121094,49.470001220703125,365500.0,48.33816909790039
2016-09-09,49.290000915527344,48.20000076293945,49.220001220703125,48.20000076293945,486800.0,47.09722137451172
2016-09-12,48.755001068115234,47.29999923706055,47.36000061035156,48.63999938964844,377700.0,47.52715301513672
2016-09-13,48.369998931884766,47.41999816894531,48.11000061035156,47.58000183105469,278300.0,46.49140930175781
2016-09-14,47.86000061035156,47.400001525878906,47.52000045776367,47.470001220703125,161400.0,46.38392639160156
2016-09-15,47.97999954223633,46.88999938964844,46.95000076293945,47.849998474121094,215100.0,46.75522994995117
2016-09-16,46.79999923706055,46.38999938964844,46.54999923706055,46.650001525878906,485100.0,45.58268737792969
2016-09-19,47.93000030517578,47.5099983215332,47.560001373291016,47.72999954223633,197300.0,46.63797378540039
2016-09-20,47.63999938964844,47.2599983215332,47.4900016784668,47.56999969482422,202700.0,46.48163604736328
2016-09-21,49.15999984741211,48.29999923706055,48.54999923706055,49.099998474121094,472600.0,47.976627349853516
2016-09-22,50.619998931884766,50.209999084472656,50.43000030517578,50.529998779296875,684600.0,49.3739128112793
2016-09-23,50.959999084472656,50.16999816894531,50.650001525878906,50.220001220703125,472300.0,49.071006774902344
2016-09-26,50.38999938964844,50.060001373291016,50.220001220703125,50.34000015258789,352500.0,49.188262939453125
2016-09-27,50.650001525878906,49.8650016784668,50.08000183105469,50.119998931884766,353400.0,48.973297119140625
2016-09-28,51.540000915527344,50.59000015258789,50.650001525878906,51.4900016784668,731000.0,50.311954498291016
2016-09-29,51.599998474121094,50.43000030517578,51.4900016784668,50.77000045776367,331700.0,49.608421325683594
2016-09-30,52.18000030517578,51.15999984741211,51.41999816894531,51.869998931884766,699900.0,50.68325424194336
2016-10-03,52.11000061035156,51.75,51.91999816894531,52.060001373291016,347800.0,50.86891174316406
2016-10-04,52.970001220703125,52.23500061035156,52.54999923706055,52.66999816894531,425500.0,51.46495056152344
2016-10-05,53.65999984741211,53.0,53.310001373291016,53.63999938964844,647000.0,52.412757873535156
2016-10-06,53.4900016784668,53.11000061035156,53.290000915527344,53.150001525878906,436700.0,51.9339714050293
2016-10-07,53.560001373291016,53.130001068115234,53.31999969482422,53.4900016784668,339000.0,52.266197204589844
2016-10-10,54.33000183105469,53.630001068115234,54.18000030517578,53.84000015258789,240000.0,52.608184814453125
2016-10-11,53.540000915527344,52.93000030517578,53.41999816894531,53.31999969482422,327100.0,52.10007858276367
2016-10-12,53.58000183105469,52.91999816894531,53.099998474121094,53.5099983215332,564700.0,52.285736083984375
2016-10-13,53.130001068115234,52.38999938964844,52.88999938964844,52.5099983215332,1170100.0,51.30860900878906
2016-10-14,53.0099983215332,52.630001068115234,52.849998474121094,52.720001220703125,818600.0,51.51380920410156
2016-10-17,52.7599983215332,52.09000015258789,52.75,52.209999084472656,361200.0,51.015472412109375
2016-10-18,52.77000045776367,51.939998626708984,52.72999954223633,52.400001525878906,365600.0,51.201133728027344
2016-10-19,52.689998626708984,51.95000076293945,52.0099983215332,52.54999923706055,204800.0,51.34769821166992
2016-10-20,52.95000076293945,52.380001068115234,52.47999954223633,52.779998779296875,216200.0,51.57243347167969
2016-10-21,52.599998474121094,51.9900016784668,52.02000045776367,52.599998474121094,155100.0,51.39655303955078
2016-10-24,53.349998474121094,52.81999969482422,52.83000183105469,53.25,364100.0,52.03168487548828
2016-10-25,53.04999923706055,52.58000183105469,52.9900016784668,53.0099983215332,269200.0,51.79717254638672
2016-10-26,53.290000915527344,52.650001525878906,52.790000915527344,53.11000061035156,323000.0,51.8948860168457
2016-10-27,53.15999984741211,52.75,53.119998931884766,53.0,217400.0,51.78740310668945
2016-10-28,53.189998626708984,52.540000915527344,52.630001068115234,52.869998931884766,231200.0,51.660377502441406
2016-10-31,52.84000015258789,52.2599983215332,52.72999954223633,52.77000045776367,213600.0,51.56266403198242
2016-11-01,53.099998474121094,51.02000045776367,53.09000015258789,51.310001373291016,520700.0,50.136070251464844
2016-11-02,51.709999084472656,50.900001525878906,51.13999938964844,51.310001373291016,418900.0,50.136070251464844
2016-11-03,51.34000015258789,50.459999084472656,50.970001220703125,50.5,352700.0,49.344600677490234
2016-11-04,51.439998626708984,50.38999938964844,50.43000030517578,51.06999969482422,554100.0,49.90155792236328
2016-11-07,54.9900016784668,53.11000061035156,53.52000045776367,54.88999938964844,896800.0,53.634159088134766
2016-11-08,54.77000045776367,54.150001525878906,54.43000030517578,54.41999816894531,837000.0,53.17491149902344
2016-11-09,54.29999923706055,53.689998626708984,53.9900016784668,54.209999084472656,641900.0,52.9697151184082
2016-11-10,54.209999084472656,52.83000183105469,53.459999084472656,53.529998779296875,750800.0,52.30527877807617
2016-11-11,54.88999938964844,53.18000030517578,53.380001068115234,54.470001220703125,942000.0,53.22377014160156
2016-11-14,54.220001220703125,53.18000030517578,53.56999969482422,53.2599983215332,1007200.0,52.04145431518555
2016-11-15,54.2400016784668,52.7599983215332,52.779998779296875,54.09000015258789,435200.0,52.85246276855469
2016-11-16,53.93000030517578,53.130001068115234,53.150001525878906,53.470001220703125,449000.0,52.24665069580078
2016-11-17,53.54999923706055,53.09000015258789,53.22999954223633,53.290000915527344,263500.0,52.07076644897461
2016-11-18,53.22999954223633,52.720001220703125,53.189998626708984,52.7599983215332,382600.0,51.552886962890625
2016-11-21,53.619998931884766,53.15999984741211,53.20000076293945,53.43000030517578,237700.0,52.20756530761719
2016-11-22,54.41999816894531,53.75,53.83000183105469,54.310001373291016,323600.0,53.06743240356445
2016-11-23,53.88999938964844,53.029998779296875,53.13999938964844,53.70000076293945,239800.0,52.47138595581055
2016-11-25,54.939998626708984,54.47999954223633,54.689998626708984,54.779998779296875,288600.0,53.52667236328125
2016-11-28,54.34000015258789,53.709999084472656,54.0,53.77000045776367,240700.0,52.5397834777832
2016-11-29,54.9900016784668,53.81999969482422,53.81999969482422,54.7400016784668,622700.0,53.48759078979492
2016-11-30,54.9900016784668,54.11000061035156,54.939998626708984,54.119998931884766,602900.0,52.881778717041016
2016-12-01,54.650001525878906,53.939998626708984,54.0099983215332,54.470001220703125,514700.0,53.22377014160156
2016-12-02,54.529998779296875,53.939998626708984,54.20000076293945,54.09000015258789,627600.0,52.85246276855469
2016-12-05,55.81999969482422,54.93000030517578,55.029998779296875,55.59000015258789,699900.0,54.318145751953125
2016-12-06,56.06999969482422,55.06999969482422,55.06999969482422,56.040000915527344,409900.0,54.757850646972656
2016-12-07,57.11000061035156,56.31999969482422,56.31999969482422,56.95000076293945,721600.0,55.64703369140625
2016-12-08,56.970001220703125,56.439998626708984,56.65999984741211,56.77000045776367,456600.0,55.47114562988281
2016-12-09,56.95000076293945,56.779998779296875,56.81999969482422,56.880001068115234,271600.0,55.57863235473633
2016-12-12,57.31999969482422,56.48500061035156,57.06999969482422,56.86000061035156,383700.0,55.55908966064453
2016-12-13,57.9900016784668,57.029998779296875,57.040000915527344,57.790000915527344,434400.0,56.46781539916992
2016-12-14,58.470001220703125,57.83000183105469,58.0,57.869998931884766,1213200.0,56.54597854614258
2016-12-15,58.29999923706055,57.70000076293945,57.880001068115234,58.13999938964844,469300.0,56.8098030090332
2016-12-16,58.560001373291016,58.08000183105469,58.099998474121094,58.349998474121094,517500.0,57.01499938964844
2016-12-19,58.86000061035156,58.34000015258789,58.34000015258789,58.66999816894531,431500.0,57.327674865722656
2016-12-20,58.650001525878906,58.040000915527344,58.130001068115234,58.599998474121094,384700.0,57.259281158447266
2016-12-21,58.810001373291016,58.0099983215332,58.599998474121094,58.029998779296875,327400.0,56.70232009887695
2016-12-22,58.599998474121094,57.400001525878906,58.52000045776367,57.7400016784668,337700.0,56.4189567565918
2016-12-23,58.5099983215332,58.150001525878906,58.439998626708984,58.33000183105469,339200.0,56.99545669555664
2016-12-27,58.540000915527344,58.18000030517578,58.40999984741211,58.290000915527344,130700.0,56.95637130737305
2016-12-28,58.27000045776367,57.689998626708984,58.150001525878906,57.75,173600.0,56.42873001098633
2016-12-29,58.290000915527344,57.630001068115234,58.15999984741211,57.790000915527344,190600.0,56.46781539916992
2016-12-30,58.459999084472656,57.95500183105469,58.439998626708984,58.13999938964844,303800.0,56.8098030090332
2017-01-03,59.2599983215332,58.349998474121094,59.15999984741211,58.939998626708984,546700.0,57.59149932861328
2017-01-04,59.47999954223633,58.790000915527344,58.84000015258789,59.40999984741211,373000.0,58.05074691772461
2017-01-05,59.880001068115234,59.340999603271484,59.439998626708984,59.36000061035156,304800.0,58.001888275146484
2017-01-06,59.15999984741211,58.810001373291016,58.970001220703125,58.939998626708984,280500.0,57.59149932861328
2017-01-09,58.5,57.560001373291016,57.77000045776367,58.279998779296875,409300.0,56.94660186767578
2017-01-10,59.18000030517578,58.7400016784668,58.97999954223633,58.97999954223633,345400.0,57.63058090209961
2017-01-11,59.4900016784668,58.849998474121094,59.0,59.40999984741211,289700.0,58.05074691772461
2017-01-12,60.6349983215332,58.0099983215332,60.56999969482422,59.279998779296875,825500.0,57.9237174987793
2017-01-13,60.25699996948242,59.52000045776367,60.099998474121094,59.83000183105469,376800.0,58.46113967895508
2017-01-17,59.90999984741211,59.59000015258789,59.65999984741211,59.81999969482422,317700.0,58.45136260986328
2017-01-18,60.099998474121094,59.7400016784668,60.0,59.900001525878906,238900.0,58.529537200927734
2017-01-19,60.4900016784668,59.86000061035156,59.86000061035156,60.459999084472656,255800.0,59.076725006103516
2017-01-20,60.5,60.0099983215332,60.310001373291016,60.349998474121094,205500.0,58.96923828125
2017-01-23,61.279998779296875,60.93000030517578,61.06999969482422,61.08000183105469,581800.0,59.68253707885742
2017-01-24,62.7599983215332,61.97999954223633,62.459999084472656,62.68000030517578,828000.0,61.245933532714844
2017-01-25,62.91999816894531,62.27000045776367,62.779998779296875,62.560001373291016,511400.0,61.12868118286133
2017-01-26,62.380001068115234,61.7599983215332,61.939998626708984,61.86000061035156,377600.0,60.4446907043457
2017-01-27,62.13999938964844,61.81999969482422,62.029998779296875,62.0099983215332,230700.0,60.59125900268555
2017-01-30,61.220001220703125,60.65999984741211,60.91999816894531,60.939998626708984,446000.0,59.545738220214844
2017-01-31,62.68600082397461,60.939998626708984,60.939998626708984,62.130001068115234,732800.0,60.70851516723633
2017-02-01,62.59000015258789,61.66999816894531,62.5,62.13999938964844,372700.0,60.718284606933594
2017-02-02,65.12000274658203,64.19999694824219,65.01000213623047,64.61000061035156,896700.0,63.13177490234375
2017-02-03,65.80999755859375,65.41000366210938,65.48999786376953,65.69999694824219,713300.0,64.19683837890625
2017-02-06,64.9000015258789,64.25,64.33000183105469,64.58000183105469,447200.0,63.10246658325195
2017-02-07,64.68000030517578,64.30000305175781,64.47000122070312,64.5,362400.0,63.0242919921875
2017-02-08,65.30000305175781,64.12000274658203,64.20999908447266,65.19999694824219,281500.0,63.708274841308594
2017-02-09,65.19999694824219,64.58000183105469,65.19999694824219,64.7699966430664,289600.0,63.28811264038086
2017-02-10,65.33000183105469,64.4000015258789,64.54000091552734,65.22000122070312,383700.0,63.72782516479492
2017-02-13,66.37999725341797,65.80999755859375,66.0,66.16999816894531,445500.0,64.65607452392578
2017-02-14,66.56999969482422,66.04000091552734,66.36000061035156,66.19000244140625,323600.0,64.67562866210938
2017-02-15,66.02999877929688,65.19000244140625,65.2300033569336,66.01000213623047,363500.0,64.49974822998047
2017-02-16,66.73999786376953,65.9800033569336,66.47000122070312,66.04000091552734,586400.0,64.52906036376953
2017-02-17,65.63999938964844,65.19000244140625,65.44000244140625,65.58999633789062,290500.0,64.08934783935547
2017-02-21,65.69999694824219,65.16999816894531,65.25,65.58000183105469,295300.0,64.07958984375
2017-02-22,66.0,64.76000213623047,64.81999969482422,65.87999725341797,307800.0,64.37271118164062
2017-02-23,66.57099914550781,65.63999938964844,66.43000030517578,65.66999816894531,391500.0,64.16751861572266
2017-02-24,65.44999694824219,64.76000213623047,65.26000213623047,65.08999633789062,408800.0,63.60078430175781
2017-02-27,66.08999633789062,65.41999816894531,65.44000244140625,65.81999969482422,376500.0,64.31409454345703
2017-02-28,65.7300033569336,64.9800033569336,65.25,65.05999755859375,373300.0,63.57147979736328
2017-03-01,66.23999786376953,65.58000183105469,65.5999984741211,65.87000274658203,302500.0,64.36295318603516
2017-03-02,66.18000030517578,65.79000091552734,65.87000274658203,65.97000122070312,473100.0,64.46066284179688
2017-03-03,66.45999908447266,65.83000183105469,66.08000183105469,66.2699966430664,348400.0,64.75379180908203
2017-03-06,65.76000213623047,65.01000213623047,65.75,65.20999908447266,302300.0,63.718040466308594
2017-03-07,65.73999786376953,64.94000244140625,65.30000305175781,65.58999633789062,374600.0,64.08934783935547
2017-03-08,65.94000244140625,65.43000030517578,65.91999816894531,65.4800033569336,198900.0,63.98187255859375
2017-03-09,65.77999877929688,65.05000305175781,65.36000061035156,65.16999816894531,369200.0,63.678955078125
2017-03-10,65.86000061035156,65.37999725341797,65.54000091552734,65.7300033569336,326400.0,64.22615051269531
2017-03-13,66.62999725341797,66.0999984741211,66.12999725341797,66.33999633789062,508200.0,64.82218933105469
2017-03-14,66.58999633789062,66.11000061035156,66.26000213623047,66.30999755859375,384500.0,64.79287719726562
2017-03-15,67.98999786376953,66.66000366210938,66.86000061035156,67.86000061035156,711500.0,66.30741882324219
2017-03-16,69.5,68.93000030517578,69.16000366210938,69.33999633789062,496000.0,67.75355529785156
2017-03-17,69.27999877929688,68.4000015258789,69.27999877929688,68.43000030517578,293400.0,66.86437225341797
2017-03-20,68.70999908447266,67.98999786376953,68.55999755859375,68.0,342100.0,66.44422149658203
2017-03-21,68.73999786376953,67.06999969482422,68.66999816894531,67.08999633789062,526100.0,65.5550308227539
2017-03-22,68.38999938964844,67.72000122070312,68.0199966430664,68.18000030517578,538700.0,66.6200942993164
2017-03-23,71.08000183105469,69.48999786376953,69.55999755859375,70.72000122070312,818800.0,69.10198211669922
2017-03-24,72.22000122070312,71.18000030517578,72.16999816894531,71.58000183105469,634300.0,69.94230651855469
2017-03-27,74.12000274658203,73.1500015258789,73.4000015258789,73.93000030517578,901900.0,72.23854064941406
2017-03-28,74.95999908447266,74.38999938964844,74.5,74.86000061035156,841300.0,73.14726257324219
2017-03-29,74.98999786376953,74.55000305175781,74.68000030517578,74.8499984741211,432800.0,73.13748931884766
2017-03-30,74.55999755859375,73.91999816894531,74.06999969482422,74.44999694824219,383500.0,72.74664306640625
2017-03-31,74.62000274658203,74.06999969482422,74.11000061035156,74.36000061035156,311200.0,72.65869903564453
2017-04-03,74.66000366210938,73.30999755859375,74.5999984741211,73.72000122070312,582000.0,72.0333480834961
2017-04-04,73.91000366210938,73.43000030517578,73.72000122070312,73.5999984741211,541500.0,71.91609191894531
2017-04-05,73.62999725341797,72.38999938964844,73.51000213623047,72.41999816894531,514100.0,70.7630844116211
2017-04-06,72.91000366210938,72.4800033569336,72.86000061035156,72.61000061035156,329800.0,70.94874572753906
2017-04-07,72.26000213623047,71.88999938964844,72.11000061035156,71.88999938964844,391100.0,70.24520874023438
2017-04-10,72.25,71.81999969482422,71.88999938964844,71.93000030517578,291200.0,70.2843017578125
2017-04-11,72.29000091552734,71.30999755859375,72.08000183105469,71.83999633789062,425200.0,70.19635772705078
2017-04-12,71.94000244140625,71.55999755859375,71.83000183105469,71.66000366210938,450300.0,70.02047729492188
2017-04-13,71.75,69.58999633789062,71.47000122070312,70.62999725341797,489500.0,69.01404571533203
2017-04-17,71.54000091552734,70.8499984741211,70.87000274658203,71.31999969482422,239600.0,69.6882553100586
2017-04-18,71.02999877929688,70.3499984741211,70.54000091552734,70.58999633789062,317800.0,68.97496032714844
2017-04-19,71.7699966430664,71.19400024414062,71.52999877929688,71.26000213623047,874800.0,69.62963104248047
2017-04-20,72.43000030517578,71.4000015258789,72.33000183105469,71.4000015258789,498400.0,69.76643371582031
2017-04-21,71.31999969482422,70.77999877929688,71.31999969482422,70.81999969482422,311700.0,69.19969177246094
2017-04-24,73.5199966430664,72.38999938964844,72.88999938964844,73.33999633789062,965500.0,72.31039428710938
2017-04-25,74.43000030517578,73.58799743652344,73.62999725341797,74.1500015258789,706400.0,73.1090316772461
2017-04-26,75.30999755859375,74.75900268554688,74.87999725341797,74.9000015258789,464200.0,73.84850311279297
2017-04-27,75.80999755859375,75.19000244140625,75.66999816894531,75.62000274658203,385000.0,74.55839538574219
2017-04-28,75.81999969482422,75.18000030517578,75.5,75.19999694824219,281500.0,74.14429473876953
2017-05-01,75.87999725341797,75.25,75.6500015258789,75.70999908447266,300200.0,74.64713287353516
2017-05-02,75.93000030517578,75.0999984741211,75.81999969482422,75.55999755859375,479700.0,74.49922943115234
2017-05-03,76.11000061035156,75.33000183105469,75.36000061035156,76.0199966430664,803200.0,74.95277404785156
2017-05-04,81.73999786376953,78.5199966430664,78.62999725341797,81.45999908447266,1862500.0,80.31640625
2017-05-05,82.52999877929688,81.41000366210938,81.68000030517578,82.4800033569336,786500.0,81.32209014892578
2017-05-08,82.97000122070312,81.66999816894531,82.12999725341797,82.72000122070312,881000.0,81.55872344970703
2017-05-09,85.51000213623047,83.4800033569336,83.5,84.45999908447266,1329400.0,83.2742919921875
2017-05-10,84.44000244140625,83.86000061035156,84.08999633789062,84.0,582400.0,82.82074737548828
2017-05-11,83.29000091552734,82.1500015258789,82.79000091552734,82.9800033569336,649000.0,81.81507110595703
2017-05-12,84.4000015258789,82.49500274658203,82.55999755859375,84.12999725341797,568900.0,82.94892120361328
2017-05-15,85.12999725341797,84.20999908447266,84.27999877929688,84.9000015258789,485000.0,83.70811462402344
2017-05-16,85.18000030517578,84.41999816894531,84.58999633789062,84.58999633789062,447100.0,83.4024658203125
2017-05-17,85.0199966430664,82.7300033569336,84.83000183105469,82.7699966430664,748800.0,81.6080093383789
2017-05-18,84.56999969482422,82.33000183105469,82.55999755859375,84.22000122070312,437200.0,83.03765869140625
2017-05-19,83.93000030517578,83.05000305175781,83.66999816894531,83.33000183105469,622700.0,82.16015625
2017-05-22,84.41999816894531,83.44000244140625,83.45999908447266,84.3499984741211,398800.0,83.16584014892578
2017-05-23,84.9000015258789,83.96099853515625,84.02999877929688,84.79000091552734,722600.0,83.59966278076172
2017-05-24,85.25,84.33000183105469,84.44000244140625,85.08999633789062,616300.0,83.89543914794922
2017-05-25,85.76000213623047,85.12000274658203,85.12000274658203,85.69999694824219,383200.0,84.49688720703125
2017-05-26,85.61000061035156,84.95999908447266,85.01000213623047,85.5,450500.0,84.29969024658203
2017-05-30,85.76000213623047,85.19999694824219,85.2699966430664,85.48999786376953,444000.0,84.28983306884766
2017-05-31,86.73999786376953,85.80999755859375,86.30999755859375,86.72000122070312,422800.0,85.50257110595703
2017-06-01,89.08999633789062,87.08999633789062,87.19000244140625,88.5999984741211,783500.0,87.35617065429688
2017-06-02,90.83999633789062,89.5,90.43000030517578,90.58999633789062,762200.0,89.31822967529297
2017-06-05,90.63999938964844,90.01000213623047,90.12000274658203,90.44000244140625,348600.0,89.17034149169922
2017-06-06,91.13999938964844,89.91999816894531,90.0,90.51000213623047,328000.0,89.23936462402344
2017-06-07,90.9800033569336,90.02999877929688,90.4000015258789,90.56999969482422,410900.0,89.29851531982422
2017-06-08,91.91999816894531,90.70999908447266,91.70999908447266,91.8499984741211,486600.0,90.56053924560547
2017-06-09,91.94000244140625,89.16000366210938,91.63999938964844,89.44999694824219,849200.0,88.1942367553711
2017-06-12,89.08999633789062,87.43000030517578,89.0199966430664,87.75,1021900.0,86.51810455322266
2017-06-13,88.98999786376953,87.91000366210938,88.83999633789062,88.19000244140625,586200.0,86.95193481445312
2017-06-14,88.83000183105469,87.88999938964844,88.72000122070312,88.41999816894531,397400.0,87.17869567871094
2017-06-15,87.68000030517578,85.36000061035156,85.81999969482422,87.55000305175781,830900.0,86.32091522216797
2017-06-16,88.81999969482422,87.86299896240234,88.55000305175781,88.02999877929688,414800.0,86.79417419433594
2017-06-19,89.93000030517578,89.05999755859375,89.27999877929688,89.77999877929688,556800.0,88.51960754394531
2017-06-20,89.58999633789062,88.61000061035156,89.43000030517578,88.73999786376953,361500.0,87.49420166015625
2017-06-21,89.38999938964844,88.6050033569336,89.11000061035156,89.18000030517578,240300.0,87.92803192138672
2017-06-22,89.9000015258789,88.88999938964844,89.06999969482422,89.38999938964844,237100.0,88.13507843017578
2017-06-23,89.31999969482422,88.3499984741211,88.9800033569336,89.18000030517578,272800.0,87.92803192138672
2017-06-26,89.91000366210938,88.41000366210938,89.37000274658203,88.83000183105469,255600.0,87.58294677734375
2017-06-27,88.30999755859375,87.23999786376953,88.30999755859375,87.30999755859375,351100.0,86.08427429199219
2017-06-28,87.91000366210938,86.87000274658203,87.19000244140625,87.7699966430664,455900.0,86.5378189086914
2017-06-29,86.44000244140625,85.2300033569336,86.38999938964844,85.94999694824219,605600.0,84.74337005615234
2017-06-30,86.94000244140625,85.73999786376953,86.63999938964844,86.0199966430664,352700.0,84.81239318847656
2017-07-03,86.94999694824219,85.80999755859375,86.33999633789062,85.80999755859375,399500.0,84.60533905029297
2017-07-05,86.47000122070312,84.37999725341797,84.98999786376953,86.29000091552734,680500.0,85.07860565185547
2017-07-06,86.05000305175781,85.08000183105469,85.4800033569336,85.69999694824219,375300.0,84.49688720703125
2017-07-07,86.30999755859375,85.05999755859375,85.27999877929688,86.08999633789062,364300.0,84.88140869140625
2017-07-10,88.91999816894531,86.08999633789062,86.08999633789062,88.51000213623047,422700.0,87.26744079589844
2017-07-11,90.83999633789062,89.06999969482422,89.3499984741211,90.58999633789062,1130900.0,89.31822967529297
2017-07-12,93.18000030517578,90.37999725341797,90.47000122070312,92.87999725341797,1394900.0,91.57608032226562
2017-07-13,93.0,92.19000244140625,92.52999877929688,92.76000213623047,515600.0,91.45777130126953
2017-07-14,94.0,92.41000366210938,92.73999786376953,93.9000015258789,513600.0,92.5817642211914
2017-07-17,93.9800033569336,93.16000366210938,93.33999633789062,93.75,507100.0,92.43387603759766
2017-07-18,95.16999816894531,93.44000244140625,93.55000305175781,95.1500015258789,830200.0,93.81421661376953
2017-07-19,97.62000274658203,95.2300033569336,95.23999786376953,97.62000274658203,1533000.0,96.24954223632812
2017-07-20,100.08000183105469,98.6050033569336,99.16000366210938,99.98999786376953,1520700.0,98.58627319335938
2017-07-21,100.19999694824219,98.20999908447266,99.29000091552734,100.0199966430664,1040900.0,98.6158447265625
2017-07-24,101.75,100.0199966430664,100.19999694824219,101.62000274658203,1050100.0,100.19338989257812
2017-07-25,101.41000366210938,100.2300033569336,101.13999938964844,101.4000015258789,995300.0,99.97647857666016
2017-07-26,105.66000366210938,102.88999938964844,102.88999938964844,105.41000366210938,1403600.0,103.93018341064453
2017-07-27,105.73999786376953,103.01000213623047,105.69999694824219,104.04000091552734,1564900.0,102.57941436767578
2017-07-28,107.0,104.63999938964844,104.87000274658203,105.7699966430664,1127800.0,104.28512573242188
2017-07-31,106.01000213623047,103.97000122070312,105.72000122070312,105.19000244140625,904400.0,103.71327209472656
2017-08-01,109.77999877929688,107.76000213623047,108.77999877929688,108.31999969482422,2099400.0,106.79933166503906
2017-08-02,111.45999908447266,103.16999816894531,106.0,110.47000122070312,3332200.0,108.91915130615234
2017-08-03,109.6500015258789,107.58999633789062,108.68000030517578,108.33999633789062,1243600.0,106.81903839111328
2017-08-04,109.69999694824219,108.4000015258789,108.66999816894531,109.1500015258789,704500.0,107.61767578125
2017-08-07,110.88999938964844,109.33000183105469,109.3499984741211,110.55999755859375,406500.0,109.00787353515625
2017-08-08,111.7699966430664,110.30500030517578,111.43000030517578,110.66000366210938,491000.0,109.10648345947266
2017-08-09,111.33000183105469,109.91000366210938,110.11000061035156,111.26000213623047,335500.0,109.69805145263672
2017-08-10,110.33000183105469,108.5,110.19000244140625,108.66999816894531,738700.0,107.1444091796875
2017-08-11,107.83999633789062,106.16999816894531,106.58999633789062,107.58000183105469,748000.0,106.06971740722656
2017-08-14,110.3499984741211,108.44999694824219,108.55999755859375,110.05000305175781,524600.0,108.50504302978516
2017-08-15,110.83999633789062,109.61000061035156,110.58000183105469,110.26000213623047,257900.0,108.71209716796875
2017-08-16,111.18000030517578,110.44000244140625,110.5199966430664,110.94999694824219,376300.0,109.39241027832031
2017-08-17,111.01000213623047,109.25,110.73999786376953,109.25,504800.0,107.71627044677734
2017-08-18,112.0199966430664,109.51000213623047,110.0,111.52999877929688,672900.0,109.96426391601562
2017-08-21,112.91999816894531,110.37000274658203,110.41999816894531,112.8499984741211,916000.0,111.26573181152344
2017-08-22,115.63999938964844,112.8499984741211,112.88999938964844,115.18000030517578,945800.0,113.56302642822266
2017-08-23,116.37999725341797,114.93000030517578,115.0999984741211,115.62000274658203,677900.0,113.9968490600586
2017-08-24,115.98999786376953,114.01000213623047,115.9000015258789,114.16999816894531,761600.0,112.56719970703125
2017-08-25,115.02999877929688,113.99500274658203,114.58999633789062,114.0,455000.0,112.39958953857422
2017-08-28,114.12000274658203,113.2300033569336,114.02999877929688,113.83000183105469,402900.0,112.23197937011719
2017-08-29,113.9800033569336,113.16000366210938,113.30999755859375,113.76000213623047,711900.0,112.1629638671875
2017-08-30,114.87000274658203,114.19999694824219,114.55999755859375,114.5999984741211,668000.0,112.99116516113281
2017-08-31,114.7699966430664,113.72000122070312,113.79000091552734,114.48999786376953,666600.0,112.88270568847656
2017-09-01,117.66000366210938,114.9000015258789,114.91999816894531,116.76000213623047,773200.0,115.12084197998047
2017-09-05,116.94000244140625,115.44999694824219,115.91999816894531,116.16000366210938,525200.0,114.52926635742188
2017-09-06,118.0999984741211,116.37000274658203,118.08999633789062,116.8499984741211,401100.0,115.20957946777344
2017-09-07,111.5999984741211,107.30999755859375,111.20999908447266,108.58999633789062,3455300.0,107.06553649902344
2017-09-08,110.54000091552734,108.95999908447266,110.44999694824219,109.36000061035156,1406500.0,107.8247299194336
2017-09-11,111.54000091552734,110.38999938964844,110.80999755859375,111.4800033569336,771100.0,109.91497039794922
2017-09-12,111.62000274658203,109.62000274658203,111.47000122070312,109.94000244140625,517800.0,108.39659118652344
2017-09-13,110.05000305175781,108.33000183105469,109.80999755859375,108.80000305175781,565500.0,107.27259826660156
2017-09-14,109.43499755859375,108.41999816894531,109.31999969482422,109.2300033569336,551400.0,107.6965560913086
2017-09-15,110.73999786376953,109.61000061035156,110.58999633789062,110.05000305175781,555000.0,108.50504302978516
2017-09-18,112.76000213623047,111.30999755859375,111.75,112.33000183105469,582400.0,110.75303649902344
2017-09-19,113.94000244140625,112.75,112.91000366210938,113.48999786376953,534000.0,111.8967514038086
2017-09-20,113.68000030517578,112.01000213623047,113.27999877929688,113.01000213623047,326400.0,111.42349243164062
2017-09-21,113.83000183105469,112.88999938964844,113.05000305175781,113.56999969482422,210500.0,111.97562408447266
2017-09-22,113.8499984741211,112.58000183105469,112.93000030517578,113.47000122070312,271200.0,111.87702941894531
2017-09-25,113.0199966430664,109.68000030517578,112.94000244140625,110.13999938964844,767800.0,108.59378051757812
2017-09-26,110.62000274658203,108.44000244140625,110.13999938964844,108.9800033569336,766600.0,107.45006561279297
2017-09-27,110.93000030517578,109.05000305175781,109.19999694824219,110.58000183105469,461100.0,109.02760314941406
2017-09-28,110.23999786376953,109.40499877929688,109.72000122070312,110.02999877929688,253600.0,108.4853286743164
2017-09-29,110.97000122070312,109.91500091552734,110.02999877929688,110.4800033569336,283300.0,108.92900848388672
2017-10-02,112.83999633789062,110.76000213623047,110.76000213623047,112.43000030517578,308000.0,110.85163116455078
2017-10-03,114.5,112.51000213623047,112.58000183105469,114.33000183105469,612700.0,112.72496032714844
2017-10-04,114.75,113.52200317382812,114.0199966430664,114.44999694824219,459400.0,112.84326934814453
2017-10-05,114.47000122070312,112.88999938964844,114.13999938964844,113.16999816894531,306100.0,111.58124542236328
2017-10-06,112.72000122070312,111.20999908447266,111.95999908447266,112.5999984741211,482900.0,111.01924133300781
2017-10-09,116.55999755859375,112.65599822998047,112.69000244140625,114.83000183105469,940400.0,113.21793365478516
2017-10-10,116.30000305175781,114.97000122070312,116.30000305175781,115.66999816894531,546700.0,114.046142578125
2017-10-11,117.12999725341797,116.09500122070312,116.33000183105469,116.5199966430664,377800.0,114.88420867919922
2017-10-12,116.44000244140625,115.56999969482422,115.97000122070312,116.08999633789062,305300.0,114.46025085449219
2017-10-13,116.41999816894531,114.87999725341797,115.80999755859375,114.95999908447266,344900.0,113.34611511230469
2017-10-16,117.82499694824219,114.44999694824219,114.9000015258789,116.80999755859375,784000.0,115.17013549804688
2017-10-17,116.48999786376953,115.3499984741211,115.94999694824219,115.7699966430664,443500.0,114.14473724365234
2017-10-18,116.8759994506836,115.62999725341797,116.19999694824219,116.55999755859375,284600.0,114.92364501953125
2017-10-19,116.08999633789062,113.62999725341797,114.73999786376953,115.91000366210938,416200.0,114.28277587890625
2017-10-20,115.26000213623047,114.375,115.04000091552734,114.5999984741211,425100.0,112.99116516113281
2017-10-23,114.98999786376953,113.66000366210938,114.70999908447266,113.70999908447266,228500.0,112.11366271972656
2017-10-24,115.52999877929688,114.4000015258789,114.72000122070312,114.58999633789062,444800.0,112.9813003540039
2017-10-25,116.30000305175781,113.8499984741211,115.54000091552734,114.72000122070312,702600.0,113.10948181152344
2017-10-26,115.47000122070312,114.66999816894531,115.30999755859375,115.06999969482422,257100.0,113.4545669555664
2017-10-27,116.12999725341797,115.16999816894531,116.05999755859375,115.58999633789062,354100.0,113.9672622680664
2017-10-30,117.43000030517578,116.40499877929688,116.62999725341797,117.18000030517578,500900.0,115.53495025634766
2017-10-31,120.36000061035156,117.9800033569336,118.0,119.68000030517578,1021100.0,117.99984741210938
2017-11-01,121.13999938964844,119.87999725341797,121.0,120.0,643800.0,118.31536102294922
2017-11-02,119.16999816894531,115.5199966430664,118.48999786376953,117.11000061035156,1338600.0,115.46592712402344
2017-11-03,118.36000061035156,117.36000061035156,118.25,117.43000030517578,497400.0,115.78143310546875
2017-11-06,117.75,116.45999908447266,117.19000244140625,117.25,469500.0,115.60396575927734
2017-11-07,116.5199966430664,114.1500015258789,116.5199966430664,114.88999938964844,525100.0,113.27709197998047
2017-11-08,113.44000244140625,110.4800033569336,113.44000244140625,112.80000305175781,719300.0,111.21643829345703
2017-11-09,110.81999969482422,108.79100036621094,110.81999969482422,109.44000244140625,945400.0,107.90361022949219
2017-11-10,109.98999786376953,109.06999969482422,109.77999877929688,109.55999755859375,525200.0,108.02191925048828
2017-11-13,111.04000091552734,110.13999938964844,110.19999694824219,110.44000244140625,1038700.0,108.88956451416016
2017-11-14,110.23500061035156,109.19999694824219,110.18000030517578,109.91000366210938,343300.0,108.36701202392578
2017-11-15,109.12000274658203,107.58000183105469,108.31999969482422,108.51000213623047,400600.0,106.98666381835938
2017-11-16,110.33000183105469,109.41999816894531,109.6500015258789,110.0199966430664,261100.0,108.47545623779297
2017-11-17,109.87999725341797,108.87000274658203,109.63999938964844,109.16999816894531,342500.0,107.63739776611328
2017-11-20,110.88999938964844,109.83999633789062,109.91500091552734,110.18000030517578,274500.0,108.63321685791016
2017-11-21,112.33000183105469,111.37000274658203,111.70999908447266,111.48999786376953,348100.0,109.9248275756836
2017-11-22,112.30899810791016,111.28500366210938,111.9800033569336,111.81999969482422,217700.0,110.25019836425781
2017-11-24,114.0199966430664,113.0999984741211,113.16999816894531,113.70999908447266,164100.0,112.11366271972656
2017-11-27,112.95999908447266,111.77999877929688,112.75,111.80000305175781,346900.0,110.23047637939453
2017-11-28,112.7249984741211,111.51000213623047,112.58000183105469,111.69999694824219,492300.0,110.13187408447266
2017-11-29,111.91999816894531,107.41600036621094,111.80999755859375,108.4000015258789,989200.0,106.87820434570312
2017-11-30,109.08799743652344,107.61000061035156,108.70999908447266,108.5999984741211,490200.0,107.07539367675781
2017-12-01,108.20999908447266,106.0,107.5999984741211,107.47000122070312,489700.0,105.96125793457031
2017-12-04,107.11799621582031,103.8499984741211,107.02999877929688,104.33999633789062,981400.0,102.87519836425781
2017-12-05,105.62999725341797,104.16999816894531,104.45999908447266,104.16999816894531,663400.0,102.70758819580078
2017-12-06,105.25,104.19000244140625,104.77999877929688,104.56999969482422,424900.0,103.10197448730469
2017-12-07,105.11399841308594,104.01000213623047,104.20999908447266,104.62999725341797,349400.0,103.1611328125
2017-12-08,106.5199966430664,105.80000305175781,106.23999786376953,105.83999633789062,428600.0,104.35414123535156
2017-12-11,106.97000122070312,106.38999938964844,106.66999816894531,106.44000244140625,511500.0,104.94572448730469
2017-12-12,107.37999725341797,105.93000030517578,106.0,106.6500015258789,651100.0,105.15277099609375
2017-12-13,107.14099884033203,105.80000305175781,106.6500015258789,105.80000305175781,733000.0,104.31470489501953
2017-12-14,107.08999633789062,104.88999938964844,106.44999694824219,105.0199966430664,348800.0,103.545654296875
2017-12-15,104.86000061035156,103.9000015258789,104.8499984741211,104.37999725341797,692200.0,102.91463470458984
2017-12-18,107.02999877929688,105.48999786376953,105.48999786376953,106.70999908447266,401700.0,105.21192932128906
2017-12-19,106.29000091552734,105.41000366210938,105.73999786376953,105.47000122070312,302100.0,103.98934173583984
2017-12-20,105.87000274658203,105.29000091552734,105.80000305175781,105.55999755859375,198500.0,104.07807159423828
2017-12-21,106.58000183105469,105.26000213623047,105.4000015258789,106.20999908447266,483300.0,104.71894836425781
2017-12-22,106.80000305175781,105.44000244140625,105.44000244140625,106.54000091552734,235300.0,105.04431915283203
2017-12-26,107.97000122070312,106.0,106.54000091552734,106.9800033569336,284600.0,105.47814178466797
2017-12-27,107.0999984741211,106.1500015258789,106.1500015258789,106.80000305175781,183800.0,105.30067443847656
2017-12-28,106.87000274658203,106.29499816894531,106.36000061035156,106.75,277200.0,105.25137329101562
2017-12-29,106.05999755859375,104.80999755859375,105.94999694824219,104.83999633789062,254900.0,103.36817932128906
2018-01-02,105.37999725341797,103.6500015258789,104.12000274658203,105.1500015258789,546800.0,103.673828125
2018-01-03,107.38999938964844,106.33999633789062,106.33999633789062,107.16999816894531,426500.0,105.66547393798828
2018-01-04,112.63999938964844,111.0199966430664,112.61000061035156,111.30999755859375,882800.0,109.74735260009766
2018-01-05,113.0199966430664,112.02999877929688,112.73999786376953,112.12999725341797,408100.0,110.55583953857422
2018-01-08,113.61000061035156,112.58000183105469,112.81999969482422,113.5199966430664,451200.0,111.92632293701172
2018-01-09,115.05000305175781,113.6500015258789,115.0,114.31999969482422,369300.0,112.71509552001953
2018-01-10,114.7699966430664,113.80000305175781,114.0,114.2699966430664,282800.0,112.6657943725586
2018-01-11,117.44999694824219,115.91999816894531,115.91999816894531,117.16000366210938,632100.0,115.51522827148438
2018-01-12,118.68000030517578,117.41999816894531,118.58999633789062,117.83999633789062,392900.0,116.18567657470703
2018-01-16,118.9800033569336,117.4800033569336,118.73999786376953,117.55999755859375,587500.0,115.90960693359375
2018-01-17,120.19999694824219,118.30999755859375,118.8499984741211,119.44999694824219,449800.0,117.77307891845703
2018-01-18,119.88999938964844,118.87999725341797,119.41999816894531,119.37999725341797,335100.0,117.70405578613281
2018-01-19,121.18000030517578,119.87999725341797,120.79000091552734,120.95999908447266,358500.0,119.26187896728516
2018-01-22,121.45999908447266,120.5,120.8499984741211,121.37000274658203,308300.0,119.66612243652344
2018-01-23,120.52999877929688,118.4000015258789,120.52999877929688,118.93000030517578,521500.0,117.2603759765625
2018-01-24,119.45999908447266,118.08999633789062,119.26000213623047,118.9000015258789,346200.0,117.23080444335938
2018-01-25,119.38999938964844,117.69999694824219,119.27999877929688,118.20999908447266,378500.0,116.55048370361328
2018-01-26,120.05000305175781,118.87000274658203,118.94999694824219,119.95999908447266,263800.0,118.27591705322266
2018-01-29,119.19000244140625,117.81999969482422,118.66000366210938,118.72000122070312,506100.0,117.05332946777344
2018-01-30,119.0,118.05000305175781,118.77999877929688,118.08999633789062,473300.0,116.43216705322266
2018-01-31,120.13999938964844,118.2699966430664,118.31999969482422,119.5,742700.0,117.82238006591797
2018-02-01,129.8699951171875,123.94000244140625,123.94999694824219,128.19000244140625,2679200.0,126.390380859375
2018-02-02,130.6300048828125,126.76000213623047,130.35000610351562,127.13999938964844,1395400.0,125.35511779785156
2018-02-05,128.17999267578125,120.52999877929688,127.31999969482422,121.44999694824219,1157700.0,119.74500274658203
2018-02-06,127.58999633789062,120.43000030517578,121.0199966430664,126.9000015258789,1830300.0,125.11848449707031
2018-02-07,126.13999938964844,124.08000183105469,124.80000305175781,124.08000183105469,793600.0,122.33808135986328
2018-02-08,124.58200073242188,119.62000274658203,124.30999755859375,119.62000274658203,797000.0,117.9406967163086
2018-02-09,121.02999877929688,117.22000122070312,119.26000213623047,120.23999786376953,1076600.0,118.55198669433594
2018-02-12,123.37000274658203,119.58999633789062,119.58999633789062,122.55000305175781,590900.0,120.82955932617188
2018-02-13,124.29000091552734,122.30999755859375,122.81999969482422,123.7699966430664,495700.0,122.03243255615234
2018-02-14,126.45999908447266,122.0,122.04000091552734,125.87999725341797,429100.0,124.11280822753906
2018-02-15,129.52999877929688,127.44000244140625,129.52999877929688,129.10000610351562,710000.0,127.28760528564453
2018-02-16,131.1999969482422,129.27999877929688,130.32000732421875,129.7100067138672,571800.0,127.88904571533203
2018-02-20,129.52000427246094,126.80999755859375,126.86000061035156,128.39999389648438,488200.0,126.59742736816406
2018-02-21,130.36000061035156,127.98999786376953,129.5800018310547,128.00999450683594,461100.0,126.21289825439453
2018-02-22,127.88999938964844,126.16100311279297,127.79000091552734,126.70999908447266,357000.0,124.93115997314453
2018-02-23,129.6199951171875,127.05000305175781,127.05000305175781,129.55999755859375,257800.0,127.74114990234375
2018-02-26,130.47999572753906,128.19000244140625,130.1300048828125,129.3000030517578,393800.0,127.48479461669922
2018-02-27,129.33999633789062,126.0,129.14999389648438,126.01000213623047,526100.0,124.2409896850586
2018-02-28,126.5,124.08999633789062,126.0999984741211,124.20999908447266,512500.0,122.46625518798828
2018-03-01,124.37000274658203,120.20999908447266,124.19999694824219,121.52999877929688,672200.0,119.8238754272461
2018-03-02,121.36000061035156,118.5999984741211,120.5199966430664,121.11000061035156,693600.0,119.40977478027344
2018-03-05,121.63999938964844,118.31999969482422,119.05000305175781,121.5,523100.0,119.79430389404297
2018-03-06,123.44999694824219,122.13999938964844,122.75,122.75,625300.0,121.02674865722656
2018-03-07,125.23999786376953,122.30000305175781,122.30000305175781,124.72000122070312,526300.0,122.9690933227539
2018-03-08,125.5199966430664,122.9000015258789,125.30000305175781,123.81999969482422,511300.0,122.08173370361328
2018-03-09,124.8499984741211,124.0,124.19999694824219,124.70999908447266,324200.0,122.95923614501953
2018-03-12,124.91999816894531,124.08999633789062,124.5999984741211,124.31999969482422,414200.0,122.57471466064453
2018-03-13,125.2750015258789,122.86000061035156,124.97000122070312,123.0999984741211,642900.0,121.37183380126953
2018-03-14,123.97000122070312,121.94999694824219,123.93000030517578,122.25,315000.0,120.53377532958984
2018-03-15,123.3499984741211,122.06999969482422,122.47000122070312,122.79000091552734,401500.0,121.0661849975586
2018-03-16,123.25,121.91999816894531,123.18000030517578,121.94000244140625,372900.0,120.2281265258789
2018-03-19,122.44999694824219,120.33000183105469,122.41999816894531,121.26000213623047,300100.0,119.55767059326172
2018-03-20,122.4000015258789,121.12999725341797,121.12999725341797,121.68000030517578,551300.0,119.97177124023438
2018-03-21,124.45999908447266,123.05000305175781,123.26000213623047,123.52999877929688,671500.0,121.7957992553711
2018-03-22,122.55999755859375,120.41000366210938,121.93000030517578,120.41999816894531,432400.0,118.72946166992188
2018-03-23,121.1500015258789,118.36000061035156,120.88999938964844,118.38999938964844,492900.0,116.72795867919922
2018-03-26,122.1500015258789,119.2300033569336,121.69999694824219,121.30999755859375,298500.0,119.60696411132812
2018-03-27,122.86000061035156,118.9800033569336,122.69000244140625,119.69999694824219,479600.0,118.01956176757812
2018-03-28,121.73999786376953,119.36000061035156,121.48999786376953,119.62000274658203,393500.0,117.9406967163086
2018-03-29,121.3499984741211,119.80000305175781,121.16999816894531,120.5199966430664,358600.0,118.82805633544922
2018-04-02,120.05000305175781,116.5199966430664,119.69000244140625,117.5199966430664,272500.0,115.87017059326172
2018-04-03,121.36000061035156,119.48999786376953,120.51000213623047,120.61000061035156,531100.0,118.91679382324219
2018-04-04,120.63999938964844,117.08999633789062,117.25,120.44000244140625,408900.0,118.74918365478516
2018-04-05,121.80000305175781,120.54000091552734,120.91999816894531,121.33999633789062,387900.0,119.63654327392578
2018-04-06,122.04000091552734,119.54000091552734,121.33000183105469,120.75,385400.0,119.0548324584961
2018-04-09,121.91999816894531,120.01000213623047,121.52999877929688,120.19000244140625,277200.0,118.502685546875
2018-04-10,122.6500015258789,121.19000244140625,121.94999694824219,122.11000061035156,368800.0,120.39573669433594
2018-04-11,121.79000091552734,120.13999938964844,120.72000122070312,120.43000030517578,262700.0,118.73931884765625
2018-04-12,122.13999938964844,121.41999816894531,121.52999877929688,122.0199966430664,222500.0,120.30699157714844
2018-04-13,122.94999694824219,121.68000030517578,121.7300033569336,122.43000030517578,415700.0,120.71124267578125
2018-04-16,123.39900207519531,122.23999786376953,122.48999786376953,123.01000213623047,289900.0,121.2831039428711
2018-04-17,125.44000244140625,123.44999694824219,123.73999786376953,125.2300033569336,442900.0,123.47193908691406
2018-04-18,125.44000244140625,124.12000274658203,124.19000244140625,124.80000305175781,372100.0,123.0479736328125
2018-04-19,124.36000061035156,122.54000091552734,124.0,123.19000244140625,330200.0,121.46057891845703
2018-04-20,123.08000183105469,122.13999938964844,122.41999816894531,122.68000030517578,174500.0,120.95773315429688
2018-04-23,122.03800201416016,121.11000061035156,121.47000122070312,121.87999725341797,216900.0,120.86847686767578
2018-04-24,123.61199951171875,121.63999938964844,122.7300033569336,122.75,552000.0,121.73126220703125
2018-04-25,123.31999969482422,121.77999877929688,122.45999908447266,122.81999969482422,261300.0,121.8006820678711
2018-04-26,123.55999755859375,122.13999938964844,123.45999908447266,122.9800033569336,363900.0,121.95935821533203
2018-04-27,123.08000183105469,121.81999969482422,123.0,121.98999786376953,265200.0,120.97756958007812
2018-04-30,123.37000274658203,121.5999984741211,121.80000305175781,122.68000030517578,306500.0,121.6618423461914
2018-05-01,122.75499725341797,121.18000030517578,122.66000366210938,122.4800033569336,224500.0,121.46350860595703
2018-05-02,127.16999816894531,125.62000274658203,126.41000366210938,125.80999755859375,772400.0,124.76586151123047
2018-05-03,133.4499969482422,123.71099853515625,124.18000030517578,130.99000549316406,1414600.0,129.9028778076172
2018-05-04,137.4499969482422,134.27999877929688,134.9199981689453,137.3300018310547,1201600.0,136.1902618408203
2018-05-07,141.55999755859375,139.1699981689453,139.36000061035156,140.38999938964844,773500.0,139.22486877441406
2018-05-08,138.0,135.22000122070312,136.8000030517578,136.77000427246094,586600.0,135.63490295410156
2018-05-09,136.77000427246094,134.97999572753906,136.5399932861328,135.63999938964844,341800.0,134.5142822265625
2018-05-10,135.875,134.8699951171875,135.0399932861328,135.57000732421875,318000.0,134.4448699951172
2018-05-11,136.2899932861328,135.1199951171875,135.61000061035156,136.0500030517578,211800.0,134.92088317871094
2018-05-14,136.24000549316406,135.0399932861328,135.35000610351562,135.1999969482422,179400.0,134.0779266357422
2018-05-15,134.5500030517578,133.27000427246094,134.02000427246094,133.88999938964844,191100.0,132.77880859375
2018-05-16,134.22500610351562,132.35000610351562,133.4600067138672,133.83999633789062,258500.0,132.72921752929688
2018-05-17,134.36000061035156,133.36000061035156,133.5500030517578,133.72999572753906,176400.0,132.62013244628906
2018-05-18,133.38999938964844,132.30999755859375,133.16000366210938,132.52999877929688,211100.0,131.4300994873047
2018-05-21,135.0,133.47000122070312,134.5,134.07000732421875,250200.0,132.9573211669922
2018-05-22,134.24000549316406,132.36000061035156,133.91000366210938,132.4600067138672,179600.0,131.36068725585938
2018-05-23,131.42999267578125,130.11000061035156,130.67999267578125,131.30999755859375,228500.0,130.22021484375
2018-05-24,131.77000427246094,130.33999633789062,130.5399932861328,131.44000244140625,181200.0,130.34913635253906
2018-05-25,131.9600067138672,129.88999938964844,131.1300048828125,131.19000244140625,212700.0,130.10121154785156
2018-05-29,129.11000061035156,125.94999694824219,127.80999755859375,127.0199966430664,836300.0,125.9658203125
2018-05-30,130.99000549316406,128.80999755859375,129.6199951171875,130.25,407100.0,129.1690216064453
2018-05-31,131.97999572753906,129.56500244140625,130.3800048828125,131.35000610351562,266500.0,130.2598876953125
2018-06-01,133.80999755859375,131.44000244140625,133.66000366210938,132.89999389648438,287000.0,131.79701232910156
2018-06-04,132.8699951171875,131.9149932861328,132.61000061035156,132.25,267800.0,131.1524200439453
2018-06-05,137.46499633789062,135.38999938964844,135.83999633789062,136.49000549316406,434600.0,135.35723876953125
2018-06-06,139.5399932861328,136.9219970703125,136.97000122070312,139.4600067138672,306500.0,138.30258178710938
2018-06-07,138.89999389648438,136.10000610351562,138.24000549316406,136.4499969482422,285900.0,135.31756591796875
2018-06-08,136.57000732421875,135.22999572753906,136.22000122070312,136.3699951171875,175500.0,135.23822021484375
2018-06-11,139.69000244140625,138.55999755859375,138.74000549316406,139.0800018310547,431300.0,137.9257354736328
2018-06-12,140.89999389648438,139.44500732421875,140.5800018310547,140.63999938964844,516900.0,139.47279357910156
2018-06-13,145.07000732421875,142.3800048828125,142.58999633789062,143.9600067138672,702700.0,142.76524353027344
2018-06-14,149.5800018310547,147.27000427246094,148.0800018310547,149.3300018310547,791900.0,148.09066772460938
2018-06-15,149.85000610351562,148.25,149.85000610351562,148.89999389648438,368200.0,147.6642303466797
2018-06-18,148.32000732421875,146.2899932861328,146.4499969482422,147.80999755859375,306500.0,146.58328247070312
2018-06-19,146.27999877929688,144.7550048828125,145.35000610351562,145.4499969482422,424500.0,144.24285888671875
2018-06-20,145.10000610351562,143.00999450683594,144.47999572753906,143.2100067138672,325800.0,142.02146911621094
2018-06-21,141.69000244140625,140.0,141.5500030517578,140.89999389648438,368200.0,139.73062133789062
2018-06-22,141.77000427246094,138.33999633789062,141.61000061035156,139.47999572753906,729500.0,138.32241821289062
2018-06-25,138.0,135.5,137.97999572753906,136.89999389648438,393000.0,135.76382446289062
2018-06-26,137.39999389648438,136.22000122070312,136.8699951171875,137.1300048828125,421000.0,135.99192810058594
2018-06-27,138.89999389648438,135.17999267578125,137.8000030517578,135.17999267578125,356700.0,134.05809020996094
2018-06-28,135.25999450683594,131.6699981689453,131.8699951171875,135.0500030517578,551700.0,133.92918395996094
2018-06-29,136.80999755859375,134.72000122070312,135.61000061035156,135.00999450683594,398200.0,133.88951110839844
2018-07-02,135.1699981689453,132.66000366210938,132.77999877929688,135.14999389648438,326900.0,134.02835083007812
2018-07-03,134.92999267578125,133.8699951171875,134.57000732421875,133.94000244140625,219000.0,132.82839965820312
2018-07-05,136.16000366210938,134.5800018310547,135.9199981689453,135.94000244140625,284900.0,134.81179809570312
2018-07-06,135.52999877929688,134.2899932861328,135.16000366210938,135.36000061035156,239500.0,134.23660278320312
2018-07-09,136.4199981689453,134.83999633789062,136.02999877929688,136.3800048828125,229700.0,135.24815368652344
2018-07-10,138.38999938964844,137.1699981689453,138.3699951171875,137.6999969482422,284500.0,136.55718994140625
2018-07-11,137.0399932861328,135.77999877929688,136.0800018310547,136.2100067138672,236900.0,135.07955932617188
2018-07-12,139.77000427246094,137.1300048828125,137.36000061035156,139.66000366210938,334200.0,138.5009307861328
2018-07-13,143.6999969482422,141.88999938964844,143.25,142.50999450683594,434000.0,141.32725524902344
2018-07-16,142.07000732421875,140.94000244140625,142.0,142.0,315100.0,140.82150268554688
2018-07-17,144.8300018310547,141.08999633789062,141.5800018310547,143.67999267578125,270900.0,142.487548828125
2018-07-18,143.22000122070312,142.41000366210938,142.72000122070312,143.02999877929688,152000.0,141.84295654296875
2018-07-19,143.08999633789062,140.9149932861328,142.2100067138672,142.52000427246094,332300.0,141.33718872070312
2018-07-20,140.6999969482422,139.86000061035156,140.02000427246094,140.0,499800.0,138.83810424804688
2018-07-23,137.0,132.4499969482422,132.5,136.49000549316406,2595200.0,135.35723876953125
2018-07-24,135.02999877929688,133.02999877929688,134.4600067138672,133.25,1279900.0,132.1441192626953
2018-07-25,136.3000030517578,130.1199951171875,132.08999633789062,134.52000427246094,2319700.0,133.40357971191406
2018-07-26,133.9600067138672,131.3699951171875,132.50999450683594,131.6300048828125,926000.0,130.53756713867188
2018-07-27,131.99000549316406,130.44000244140625,131.17999267578125,131.60000610351562,546000.0,130.5078125
2018-07-30,131.55999755859375,129.89999389648438,131.5399932861328,130.5,866100.0,129.4169464111328
2018-07-31,133.86000061035156,132.38999938964844,132.55999755859375,132.6199951171875,1016100.0,131.51934814453125
2018-08-01,135.39999389648438,116.54000091552734,134.77000427246094,118.0,6443500.0,117.02068328857422
2018-08-02,128.25,121.6449966430664,122.48999786376953,126.18000030517578,3651300.0,125.13279724121094
2018-08-03,131.05499267578125,123.5,130.85000610351562,124.83999633789062,2837500.0,123.80390930175781
2018-08-06,124.30000305175781,122.76000213623047,123.6500015258789,123.98999786376953,797000.0,122.96096801757812
2018-08-07,125.83999633789062,123.94999694824219,125.83999633789062,125.12999725341797,732600.0,124.09150695800781
2018-08-08,126.63999938964844,125.55500030517578,126.01000213623047,125.83999633789062,573000.0,124.79561614990234
2018-08-09,126.06999969482422,123.62999725341797,125.94999694824219,123.83000183105469,642000.0,122.80229949951172
2018-08-10,121.0999984741211,119.65499877929688,120.18000030517578,120.62999725341797,931900.0,119.62885284423828
2018-08-13,122.2300033569336,120.77999877929688,121.33000183105469,122.0,485900.0,120.98748779296875
2018-08-14,121.75,120.62999725341797,121.75,121.0,773300.0,119.99578857421875
2018-08-15,120.56999969482422,118.91999816894531,120.56999969482422,119.2300033569336,1148200.0,118.240478515625
2018-08-16,120.91000366210938,119.7300033569336,120.2699966430664,120.5,787200.0,119.49993896484375
2018-08-17,120.90499877929688,119.23999786376953,119.51000213623047,120.80000305175781,394100.0,119.79744720458984
2018-08-20,123.37999725341797,121.52999877929688,121.52999877929688,123.3499984741211,684100.0,122.32627868652344
2018-08-21,126.56999969482422,124.5,124.87000274658203,126.33000183105469,889400.0,125.28155517578125
2018-08-22,127.2300033569336,124.73999786376953,126.95999908447266,125.08999633789062,692000.0,124.05184173583984
2018-08-23,126.18000030517578,124.2699966430664,124.62999725341797,124.79000091552734,554800.0,123.75433349609375
2018-08-24,128.1300048828125,126.26000213623047,126.26000213623047,127.5199966430664,486500.0,126.461669921875
2018-08-27,128.64999389648438,127.22000122070312,127.26000213623047,128.1999969482422,362400.0,127.13602447509766
2018-08-28,130.42999267578125,128.76499938964844,129.5500030517578,130.0399932861328,771600.0,128.96075439453125
2018-08-29,134.66000366210938,132.09500122070312,132.66000366210938,134.1999969482422,952900.0,133.0862274169922
2018-08-30,134.61000061035156,131.81500244140625,134.5399932861328,132.92999267578125,876400.0,131.82676696777344
2018-08-31,132.88999938964844,129.9199981689453,132.88999938964844,131.08999633789062,526900.0,130.00204467773438
2018-09-04,130.05999755859375,127.8499984741211,130.05999755859375,128.5800018310547,1121700.0,127.51287841796875
2018-09-05,127.86000061035156,125.91000366210938,127.62999725341797,127.11000061035156,768000.0,126.0550765991211
2018-09-06,127.29000091552734,126.05000305175781,126.05000305175781,126.43000030517578,439600.0,125.38072204589844
2018-09-07,128.0,125.95999908447266,126.19999694824219,126.86000061035156,294300.0,125.8071517944336
2018-09-10,127.66999816894531,126.08000183105469,127.41000366210938,126.73999786376953,401100.0,125.68814849853516
2018-09-11,130.36000061035156,125.25,125.69999694824219,129.5399932861328,706800.0,128.46490478515625
2018-09-12,133.22999572753906,130.5399932861328,131.24000549316406,132.7899932861328,711600.0,131.68792724609375
2018-09-13,134.75,133.02999877929688,133.72999572753906,133.4499969482422,592000.0,132.3424530029297
2018-09-14,134.3000030517578,131.47000122070312,133.10000610351562,132.13999938964844,672600.0,131.0433349609375
2018-09-17,133.77999877929688,131.77000427246094,133.27999877929688,132.8000030517578,740000.0,131.69786071777344
2018-09-18,138.58999633789062,132.8000030517578,133.11000061035156,138.32000732421875,1931700.0,137.1720428466797
2018-09-19,137.41000366210938,134.7100067138672,136.89999389648438,135.80999755859375,975500.0,134.68287658691406
2018-09-20,138.08999633789062,135.72000122070312,135.8699951171875,137.2899932861328,639200.0,136.1505889892578
2018-09-21,137.9199981689453,136.17999267578125,137.2899932861328,137.47000122070312,406300.0,136.3291015625
2018-09-24,139.38999938964844,137.19000244140625,137.47000122070312,139.0,422900.0,137.84640502929688
2018-09-25,140.3000030517578,138.4499969482422,140.02000427246094,139.0399932861328,595400.0,137.8860626220703
2018-09-26,142.52000427246094,139.77999877929688,139.83999633789062,140.7899932861328,569800.0,139.6215362548828
2018-09-27,141.47000122070312,139.99000549316406,140.9600067138672,140.19000244140625,637900.0,139.02651977539062
2018-09-28,139.1199951171875,136.4600067138672,137.25999450683594,136.91000366210938,721200.0,135.77374267578125
2018-10-01,139.80999755859375,137.14999389648438,139.6699981689453,137.77000427246094,435700.0,136.62661743164062
2018-10-02,138.2100067138672,136.27999877929688,137.22000122070312,137.57000732421875,681900.0,136.4282684326172
2018-10-03,138.17300415039062,135.6199951171875,137.3699951171875,135.80999755859375,392700.0,134.68287658691406
2018-10-04,136.38999938964844,131.3800048828125,136.27000427246094,133.05999755859375,794600.0,131.9556884765625
2018-10-05,133.44000244140625,131.5500030517578,131.7100067138672,132.27999877929688,506100.0,131.1821746826172
2018-10-08,130.10000610351562,128.30499267578125,128.80999755859375,129.67999267578125,886900.0,128.60374450683594
2018-10-09,129.60000610351562,127.37999725341797,127.94999694824219,128.9499969482422,533600.0,127.87980651855469
2018-10-10,124.80999755859375,117.62999725341797,123.77999877929688,117.62999725341797,1773500.0,116.65375518798828
2018-10-11,118.05999755859375,114.75,117.44999694824219,115.54000091552734,1526500.0,114.58110046386719
2018-10-12,118.30999755859375,114.58000183105469,117.62000274658203,116.30000305175781,741600.0,115.33479309082031
2018-10-15,116.08000183105469,114.37000274658203,114.68000030517578,115.01000213623047,650500.0,114.05550384521484
2018-10-16,123.05999755859375,121.54000091552734,122.80000305175781,121.75,1402300.0,120.73956298828125
2018-10-17,119.62999725341797,117.5999984741211,119.4800033569336,118.93000030517578,940800.0,117.94296264648438
2018-10-18,116.70999908447266,113.93000030517578,116.44999694824219,114.25,782200.0,113.30180358886719
2018-10-19,117.93000030517578,115.76000213623047,115.91999816894531,116.51000213623047,714200.0,115.54305267333984
2018-10-22,116.61000061035156,114.55999755859375,115.22000122070312,116.27999877929688,419300.0,115.31495666503906
2018-10-23,116.05000305175781,112.33000183105469,112.97000122070312,115.27999877929688,1541800.0,114.32325744628906
2018-10-24,113.94999694824219,111.71299743652344,113.41999816894531,111.79000091552734,1187400.0,110.86222076416016
2018-10-25,116.62000274658203,112.9000015258789,114.11000061035156,115.37999725341797,484700.0,114.42242431640625
2018-10-26,117.5199966430664,112.97000122070312,113.29000091552734,116.16999816894531,904900.0,115.20587158203125
2018-10-29,118.44999694824219,113.55999755859375,117.77999877929688,115.0199966430664,732200.0,114.06541442871094
2018-10-30,116.37000274658203,114.4000015258789,114.91999816894531,116.27999877929688,394300.0,115.31495666503906
2018-10-31,119.0,116.63999938964844,117.79000091552734,117.11000061035156,435800.0,116.13806915283203
2018-11-01,120.4000015258789,118.12999725341797,120.02999877929688,119.9800033569336,1091200.0,118.9842529296875
2018-11-02,120.9489974975586,117.19000244140625,120.23999786376953,119.52999877929688,679500.0,118.5379867553711
2018-11-05,118.77999877929688,115.80999755859375,116.41999816894531,117.58000183105469,1797100.0,116.60417175292969
2018-11-06,116.37000274658203,114.86900329589844,115.47000122070312,115.98999786376953,785000.0,115.0273666381836
2018-11-07,116.93000030517578,115.63999938964844,115.94000244140625,116.06999969482422,775900.0,115.10670471191406
2018-11-08,116.70999908447266,113.58999633789062,115.94999694824219,114.19999694824219,579400.0,113.2522201538086
2018-11-09,112.36000061035156,108.83100128173828,111.75,110.06999969482422,1458500.0,109.156494140625
2018-11-12,108.76000213623047,106.26000213623047,108.58999633789062,106.41999816894531,742200.0,105.53678894042969
2018-11-13,111.58999633789062,108.7699966430664,108.91999816894531,109.61000061035156,579000.0,108.7003173828125
2018-11-14,113.13999938964844,110.05999755859375,112.56999969482422,110.80000305175781,428700.0,109.88043975830078
2018-11-15,112.36000061035156,108.70999908447266,109.75,111.80000305175781,446800.0,110.87213897705078
2018-11-16,111.45999908447266,110.0469970703125,110.31999969482422,110.73999786376953,174900.0,109.82093811035156
2018-11-19,110.54000091552734,108.63999938964844,110.5,108.81999969482422,357900.0,107.9168701171875
2018-11-20,107.04000091552734,104.97000122070312,105.76000213623047,105.23999786376953,630000.0,104.3665771484375
2018-11-21,107.79000091552734,105.37999725341797,105.4000015258789,106.7300033569336,293400.0,105.84422302246094
2018-11-23,107.66000366210938,106.66000366210938,106.70999908447266,106.66000366210938,180700.0,105.7748031616211
2018-11-26,109.38999938964844,107.79000091552734,107.98999786376953,109.22000122070312,301500.0,108.31355285644531
2018-11-27,107.29000091552734,103.9800033569336,106.98999786376953,104.7699966430664,1069600.0,103.90048217773438
2018-11-28,108.41000366210938,102.37000274658203,102.63999938964844,108.33000183105469,1035600.0,107.43093872070312
2018-11-29,109.83000183105469,108.05999755859375,108.2699966430664,109.20999908447266,541200.0,108.30363464355469
2018-11-30,110.01000213623047,108.41999816894531,108.5,109.5999984741211,563500.0,108.69039916992188
2018-12-03,112.5,111.08000183105469,111.80999755859375,111.68000030517578,493400.0,110.75313568115234
2018-12-04,112.0,108.08000183105469,111.5999984741211,108.37000274658203,520800.0,107.47061157226562
2018-12-06,107.63999938964844,105.30999755859375,106.22000122070312,107.52999877929688,556900.0,106.6375732421875
2018-12-07,109.18000030517578,104.26000213623047,108.30999755859375,104.83999633789062,395400.0,103.96990203857422
2018-12-10,106.1500015258789,104.02999877929688,105.23999786376953,104.93000030517578,365200.0,104.05915832519531
2018-12-11,107.56500244140625,104.58000183105469,107.52999877929688,104.95999908447266,278800.0,104.08890533447266
2018-12-12,106.79000091552734,105.36000061035156,105.9000015258789,105.41999816894531,526900.0,104.54508972167969
2018-12-13,105.93000030517578,103.75,105.80999755859375,104.0999984741211,483400.0,103.23604583740234
2018-12-14,102.83000183105469,101.0999984741211,102.12000274658203,101.48999786376953,622800.0,100.647705078125
2018-12-17,101.70999908447266,99.48500061035156,100.79000091552734,99.94000244140625,653900.0,99.1105728149414
2018-12-18,102.22000122070312,100.76000213623047,101.76000213623047,100.80000305175781,545300.0,99.96343231201172
2018-12-19,106.29000091552734,101.83999633789062,104.19000244140625,102.43000030517578,810300.0,101.57990264892578
2018-12-20,103.63999938964844,100.38999938964844,103.11000061035156,101.5199966430664,593100.0,100.67745208740234
2018-12-21,101.3499984741211,97.80000305175781,100.9800033569336,98.16000366210938,427400.0,97.34534454345703
2018-12-24,97.87300109863281,95.79000091552734,97.4000015258789,95.95999908447266,276400.0,95.1635971069336
2018-12-26,98.37000274658203,93.8499984741211,95.88999938964844,98.29000091552734,666300.0,97.4742660522461
2018-12-27,99.76000213623047,96.05999755859375,96.30999755859375,99.75,396500.0,98.9221420288086
2018-12-28,99.81999969482422,98.05999755859375,99.44999694824219,98.4000015258789,397900.0,97.5833511352539
2018-12-31,99.94000244140625,97.73300170898438,99.55999755859375,99.44000244140625,305800.0,98.6147232055664
2019-01-02,99.20999908447266,97.61000061035156,98.0999984741211,98.69999694824219,293100.0,97.880859375
2019-01-03,98.88999938964844,96.62000274658203,98.8499984741211,96.9800033569336,450400.0,96.17514038085938
2019-01-04,102.77999877929688,99.26000213623047,100.2300033569336,102.2300033569336,524200.0,101.3815689086914
2019-01-07,105.7300033569336,102.94999694824219,103.31999969482422,104.4800033569336,427500.0,103.6128921508789
2019-01-08,109.25,107.4000015258789,107.62000274658203,108.58000183105469,762200.0,107.67886352539062
2019-01-09,113.03500366210938,111.13999938964844,112.16000366210938,111.19000244140625,490600.0,110.26720428466797
2019-01-10,111.29000091552734,109.41000366210938,109.87000274658203,110.79000091552734,298400.0,109.87052154541016
2019-01-11,111.75,110.41000366210938,111.73999786376953,110.83999633789062,250600.0,109.92010498046875
2019-01-14,111.38999938964844,110.12000274658203,110.61000061035156,110.87999725341797,225800.0,109.95977020263672
2019-01-15,112.83999633789062,111.4000015258789,112.55000305175781,112.37000274658203,327100.0,111.43740844726562
2019-01-16,113.91999816894531,111.80999755859375,111.9000015258789,113.12999725341797,329800.0,112.19110107421875
2019-01-17,114.73699951171875,112.96499633789062,113.55999755859375,113.70999908447266,278900.0,112.76628875732422
2019-01-18,114.4800033569336,112.72000122070312,114.26000213623047,113.29000091552734,372300.0,112.34977722167969
2019-01-22,112.61000061035156,110.58999633789062,112.2300033569336,111.69000244140625,276200.0,110.76305389404297
2019-01-23,111.62999725341797,109.48999786376953,111.20999908447266,110.19999694824219,340100.0,109.28541564941406
2019-01-24,112.47000122070312,110.77999877929688,110.94999694824219,112.38999938964844,303100.0,111.45724487304688
2019-01-25,112.19000244140625,111.05000305175781,111.97000122070312,111.23999786376953,339300.0,110.31678771972656
2019-01-28,110.44999694824219,108.83999633789062,110.11000061035156,110.41999816894531,329000.0,109.50359344482422
2019-01-29,111.04000091552734,109.7699966430664,110.79000091552734,110.55000305175781,437600.0,109.63251495361328
2019-01-30,112.94000244140625,110.41000366210938,110.80999755859375,112.69000244140625,707300.0,111.75475311279297
2019-01-31,127.06999969482422,116.04000091552734,116.04000091552734,126.30000305175781,2257500.0,125.25180053710938
2019-02-01,127.55000305175781,125.8550033569336,126.06999969482422,127.12999725341797,1079100.0,126.07490539550781
2019-02-04,127.22000122070312,125.79000091552734,126.01000213623047,127.22000122070312,415500.0,126.1641616821289
2019-02-05,128.1699981689453,127.0199966430664,127.97000122070312,127.27999877929688,464400.0,126.22366333007812
2019-02-06,127.6500015258789,126.75,127.02999877929688,126.95999908447266,191400.0,125.90631866455078
2019-02-07,124.77999877929688,123.03199768066406,123.37000274658203,124.58999633789062,385500.0,123.55598449707031
2019-02-08,124.31999969482422,122.77999877929688,123.19999694824219,124.27999877929688,396600.0,123.24856567382812
2019-02-11,123.97000122070312,123.2300033569336,123.26000213623047,123.5,332800.0,122.47503662109375
2019-02-12,126.68499755859375,124.0999984741211,124.0999984741211,126.44000244140625,745200.0,125.39064025878906
2019-02-13,126.1500015258789,124.95999908447266,125.80999755859375,125.25,320300.0,124.21051025390625
2019-02-14,125.51000213623047,124.16000366210938,124.5,125.05999755859375,313700.0,124.02208709716797
2019-02-15,126.4000015258789,125.3010025024414,125.68000030517578,125.9800033569336,430000.0,124.93445587158203
2019-02-19,126.91000366210938,125.7300033569336,125.73999786376953,126.37000274658203,155100.0,125.32122039794922
2019-02-20,126.73999786376953,125.56999969482422,126.31999969482422,125.7699966430664,221400.0,124.7261962890625
2019-02-21,126.7300033569336,125.52999877929688,125.5999984741211,126.30000305175781,188200.0,125.25180053710938
2019-02-22,126.58999633789062,125.6500015258789,126.25,126.02999877929688,325600.0,124.98403930664062
2019-02-25,128.27000427246094,126.7699966430664,127.12999725341797,128.0399932861328,441900.0,126.97734832763672
2019-02-26,129.72799682617188,128.02999877929688,128.07000732421875,129.0500030517578,275300.0,127.9789810180664
2019-02-27,129.11000061035156,127.71900177001953,128.58999633789062,128.6699981689453,271600.0,127.60212707519531
2019-02-28,128.86000061035156,128.02999877929688,128.1300048828125,128.25999450683594,261600.0,127.19552612304688
2019-03-01,131.9199981689453,129.9199981689453,130.2899932861328,131.8000030517578,452000.0,130.70616149902344
2019-03-04,132.16000366210938,130.02999877929688,131.8000030517578,130.8000030517578,412000.0,129.71446228027344
2019-03-05,131.85000610351562,130.38800048828125,130.50999450683594,131.75999450683594,239500.0,130.66647338867188
2019-03-06,130.60699462890625,129.27200317382812,130.44000244140625,130.11000061035156,272900.0,129.03018188476562
2019-03-07,129.05999755859375,127.25,128.49000549316406,128.32000732421875,463000.0,127.25504302978516
2019-03-08,128.99000549316406,126.81999969482422,127.01000213623047,128.8800048828125,250800.0,127.81039428710938
2019-03-11,130.8800048828125,128.52999877929688,128.72000122070312,130.75999450683594,328900.0,129.67477416992188
2019-03-12,130.7100067138672,129.82000732421875,130.22999572753906,130.19000244140625,170300.0,129.10951232910156
2019-03-13,130.8800048828125,129.0800018310547,130.72999572753906,130.0500030517578,440500.0,128.97067260742188
2019-03-14,131.25,129.86000061035156,130.66000366210938,131.19000244140625,261200.0,130.10121154785156
2019-03-15,132.1999969482422,131.6199951171875,132.0,131.77999877929688,252900.0,130.6863250732422
2019-03-18,132.4550018310547,131.4499969482422,131.66000366210938,132.27999877929688,221100.0,131.1821746826172
2019-03-19,132.6999969482422,131.4600067138672,132.42999267578125,131.61000061035156,213000.0,130.51773071289062
2019-03-20,132.88999938964844,131.0,132.88999938964844,131.75,306500.0,130.6565704345703
2019-03-21,132.6179962158203,131.58999633789062,131.8800048828125,132.38999938964844,167500.0,131.291259765625
2019-03-22,131.33999633789062,128.5,131.0500030517578,128.64999389648438,411900.0,127.58229064941406
2019-03-25,131.2899932861328,129.17999267578125,129.9199981689453,131.1199951171875,232900.0,130.03179931640625
2019-03-26,133.33999633789062,131.76499938964844,132.0,132.9600067138672,305500.0,131.85653686523438
2019-03-27,134.52999877929688,132.24000549316406,133.88999938964844,132.77999877929688,386100.0,131.6780242919922
2019-03-28,133.63999938964844,132.22500610351562,132.97000122070312,133.0500030517578,354900.0,131.94578552246094
2019-03-29,134.74000549316406,133.2100067138672,133.7899932861328,133.8000030517578,344200.0,132.68955993652344
2019-04-01,136.6699981689453,134.6999969482422,135.74000549316406,135.0500030517578,554200.0,133.92918395996094
2019-04-02,136.3300018310547,134.8300018310547,135.1699981689453,135.97000122070312,282000.0,134.841552734375
2019-04-03,137.25999450683594,136.0,136.64999389648438,136.17999267578125,243000.0,135.04978942871094
2019-04-04,136.9499969482422,135.75999450683594,136.80999755859375,136.47000122070312,347300.0,135.33740234375
2019-04-05,138.0,136.50999450683594,137.49000549316406,136.94000244140625,255400.0,135.80349731445312
2019-04-08,137.35000610351562,136.3800048828125,137.1199951171875,137.1300048828125,516600.0,135.99192810058594
2019-04-09,136.8249969482422,135.7899932861328,136.27999877929688,136.44000244140625,184800.0,135.30764770507812
2019-04-10,137.1300048828125,135.58999633789062,135.80999755859375,136.50999450683594,207500.0,135.37705993652344
2019-04-11,137.36000061035156,136.49000549316406,136.91000366210938,137.25999450683594,189100.0,136.12083435058594
2019-04-12,139.07000732421875,138.17999267578125,138.86000061035156,138.57000732421875,292200.0,137.4199676513672
2019-04-15,138.0,136.00999450683594,138.0,137.02999877929688,270400.0,135.8927459716797
2019-04-16,138.35000610351562,135.9600067138672,136.0500030517578,138.08999633789062,325100.0,136.94395446777344
2019-04-17,138.24000549316406,136.5,136.88999938964844,137.69000244140625,484100.0,136.54727172851562
2019-04-18,140.32000732421875,137.24000549316406,137.33999633789062,139.91000366210938,534900.0,138.7488555908203
2019-04-22,140.9600067138672,139.3800048828125,139.91000366210938,139.64999389648438,581500.0,138.49099731445312
2019-04-23,139.4199981689453,137.4499969482422,137.64999389648438,138.9600067138672,622600.0,138.9600067138672
2019-04-24,137.75,136.4499969482422,137.27000427246094,136.47999572753906,450000.0,136.47999572753906
2019-04-25,136.19000244140625,135.00999450683594,135.49000549316406,135.55999755859375,237200.0,135.55999755859375
2019-04-26,135.5,134.47000122070312,134.77000427246094,135.39999389648438,273100.0,135.39999389648438
2019-04-29,136.0050048828125,134.15499877929688,134.57000732421875,135.52000427246094,691500.0,135.52000427246094
2019-04-30,136.18499755859375,134.90499877929688,136.0399932861328,136.02999877929688,210500.0,136.02999877929688
2019-05-01,136.30999755859375,134.4499969482422,136.13999938964844,134.60000610351562,165100.0,134.60000610351562
2019-05-02,135.3000030517578,133.69500732421875,134.82000732421875,134.72999572753906,304300.0,134.72999572753906
2019-05-03,135.11000061035156,133.92999267578125,133.92999267578125,134.13999938964844,264900.0,134.13999938964844
2019-05-06,133.1300048828125,129.4600067138672,130.25,132.3300018310547,837900.0,132.3300018310547
2019-05-07,139.07000732421875,136.75,138.30999755859375,137.6999969482422,862200.0,137.6999969482422
2019-05-08,142.14999389648438,138.1199951171875,138.50999450683594,141.0399932861328,1554100.0,141.0399932861328
2019-05-09,142.0399932861328,139.44000244140625,141.30999755859375,141.16000366210938,772600.0,141.16000366210938
2019-05-10,142.02999877929688,139.51499938964844,141.42999267578125,141.3300018310547,1197200.0,141.3300018310547
2019-05-13,139.0399932861328,137.3699951171875,137.77000427246094,138.67999267578125,288900.0,138.67999267578125
2019-05-14,142.14999389648438,140.31500244140625,140.55999755859375,140.94000244140625,958100.0,140.94000244140625
2019-05-15,144.5399932861328,138.44000244140625,138.77000427246094,143.63999938964844,528400.0,143.63999938964844
2019-05-16,144.6199951171875,142.75,143.0399932861328,143.66000366210938,1008900.0,143.66000366210938
2019-05-17,143.9499969482422,142.04600524902344,142.94000244140625,142.3800048828125,262600.0,142.3800048828125
2019-05-20,142.24000549316406,140.57000732421875,141.67999267578125,141.5399932861328,657000.0,141.5399932861328
2019-05-21,143.97999572753906,142.0,142.80999755859375,143.86000061035156,447600.0,143.86000061035156
2019-05-22,143.6999969482422,142.4600067138672,142.7100067138672,142.8699951171875,350300.0,142.8699951171875
2019-05-23,142.55999755859375,140.99000549316406,142.39999389648438,142.3300018310547,410100.0,142.3300018310547
2019-05-24,144.55999755859375,142.89999389648438,143.14999389648438,144.2899932861328,450900.0,144.2899932861328
