,Date,High,Low,Open,Close,Volume,Adj Close
0,2016-05-13,31.940000534057617,29.0,29.0,30.950000762939453,4192000,30.950000762939453
1,2016-05-16,31.25,28.010000228881836,30.989999771118164,28.1200008392334,525400,28.1200008392334
2,2016-05-17,28.8799991607666,28.0,28.0,28.450000762939453,426500,28.450000762939453
3,2016-05-18,29.43000030517578,27.559999465942383,28.780000686645508,28.0,251200,28.0
4,2016-05-19,28.860000610351562,27.049999237060547,27.049999237060547,28.3799991607666,288800,28.3799991607666
5,2016-05-20,30.100000381469727,28.40999984741211,28.670000076293945,29.3799991607666,292300,29.3799991607666
6,2016-05-23,33.279998779296875,29.469999313354492,29.860000610351562,32.70000076293945,1232600,32.70000076293945
7,2016-05-24,35.83000183105469,31.670000076293945,32.72999954223633,35.349998474121094,895300,35.349998474121094
8,2016-05-25,37.77000045776367,34.81999969482422,35.599998474121094,37.34000015258789,1346400,37.34000015258789
9,2016-05-26,38.43000030517578,36.29999923706055,36.970001220703125,36.959999084472656,885800,36.959999084472656
10,2016-05-27,38.09000015258789,36.060001373291016,36.9900016784668,38.0,280300,38.0
11,2016-05-31,39.43000030517578,37.59000015258789,38.119998931884766,39.279998779296875,360300,39.279998779296875
12,2016-06-01,43.099998474121094,38.709999084472656,39.16999816894531,39.56999969482422,991700,39.56999969482422
13,2016-06-02,40.459999084472656,37.369998931884766,39.400001525878906,37.540000915527344,864000,37.540000915527344
14,2016-06-03,37.790000915527344,35.11000061035156,37.349998474121094,35.2400016784668,518600,35.2400016784668
15,2016-06-06,36.849998474121094,35.33000183105469,35.369998931884766,35.900001525878906,425400,35.900001525878906
16,2016-06-07,41.20000076293945,36.599998474121094,36.84000015258789,38.52000045776367,896600,38.52000045776367
17,2016-06-08,39.619998931884766,37.540000915527344,39.4900016784668,37.599998474121094,294300,37.599998474121094
18,2016-06-09,38.29999923706055,35.68000030517578,37.599998474121094,37.75,296300,37.75
19,2016-06-10,39.349998474121094,37.0099983215332,37.5,38.2599983215332,291600,38.2599983215332
20,2016-06-13,39.279998779296875,35.709999084472656,37.20000076293945,36.2599983215332,447900,36.2599983215332
21,2016-06-14,38.650001525878906,36.029998779296875,36.029998779296875,38.54999923706055,399100,38.54999923706055
22,2016-06-15,42.61000061035156,38.54999923706055,39.0,41.849998474121094,914500,41.849998474121094
23,2016-06-16,45.75,40.0,42.380001068115234,44.31999969482422,966700,44.31999969482422
24,2016-06-17,45.75,43.15999984741211,45.459999084472656,43.88999938964844,646700,43.88999938964844
25,2016-06-20,45.75,40.59000015258789,44.95000076293945,41.189998626708984,901400,41.189998626708984
26,2016-06-21,41.7400016784668,38.650001525878906,41.15999984741211,38.900001525878906,1022200,38.900001525878906
27,2016-06-22,40.86000061035156,38.130001068115234,38.4900016784668,39.68000030517578,681100,39.68000030517578
28,2016-06-23,40.779998779296875,37.529998779296875,40.68000030517578,39.04999923706055,457700,39.04999923706055
29,2016-06-24,39.77000045776367,37.029998779296875,37.08000183105469,37.2599983215332,1059100,37.2599983215332
30,2016-06-27,37.4900016784668,32.91999816894531,37.029998779296875,34.45000076293945,1058000,34.45000076293945
31,2016-06-28,38.810001373291016,35.04999923706055,35.45000076293945,38.189998626708984,1001400,38.189998626708984
32,2016-06-29,39.25,37.13999938964844,39.189998626708984,37.86000061035156,397300,37.86000061035156
33,2016-06-30,40.0,36.86000061035156,37.59000015258789,39.939998626708984,537500,39.939998626708984
34,2016-07-01,42.34000015258789,39.290000915527344,40.0,41.08000183105469,582500,41.08000183105469
35,2016-07-05,42.2400016784668,40.040000915527344,42.2400016784668,41.36000061035156,344300,41.36000061035156
36,2016-07-06,43.0,40.099998474121094,40.7599983215332,42.88999938964844,401100,42.88999938964844
37,2016-07-07,47.06999969482422,43.20000076293945,43.220001220703125,44.189998626708984,1313000,44.189998626708984
38,2016-07-08,46.939998626708984,43.58000183105469,45.75,43.95000076293945,883600,43.95000076293945
39,2016-07-11,49.38999938964844,45.380001068115234,46.06999969482422,48.869998931884766,1923000,48.869998931884766
40,2016-07-12,51.869998931884766,48.310001373291016,49.31999969482422,51.36000061035156,1328800,51.36000061035156
41,2016-07-13,51.5,47.0,51.5,49.619998931884766,1479900,49.619998931884766
42,2016-07-14,52.630001068115234,50.27000045776367,51.130001068115234,52.43000030517578,1143200,52.43000030517578
43,2016-07-15,54.900001525878906,52.9900016784668,53.400001525878906,54.779998779296875,805900,54.779998779296875
44,2016-07-18,58.400001525878906,53.2400016784668,54.5,57.09000015258789,1228100,57.09000015258789
45,2016-07-19,60.900001525878906,55.880001068115234,57.220001220703125,58.72999954223633,2247400,58.72999954223633
46,2016-07-20,63.119998931884766,57.060001373291016,58.72999954223633,62.400001525878906,1566600,62.400001525878906
47,2016-07-21,63.880001068115234,56.880001068115234,62.529998779296875,57.849998474121094,1832400,57.849998474121094
48,2016-07-22,61.13999938964844,57.560001373291016,58.36000061035156,59.15999984741211,802800,59.15999984741211
49,2016-07-25,64.0,59.11000061035156,60.90999984741211,63.380001068115234,1045000,63.380001068115234
50,2016-07-26,65.5,59.52000045776367,64.88999938964844,59.650001525878906,904200,59.650001525878906
51,2016-07-27,64.91000366210938,60.029998779296875,62.380001068115234,64.9000015258789,1075400,64.9000015258789
52,2016-07-28,64.62999725341797,62.25,63.20000076293945,63.459999084472656,603300,63.459999084472656
53,2016-07-29,66.0,63.400001525878906,64.25,65.02999877929688,599300,65.02999877929688
54,2016-08-01,66.43000030517578,63.54999923706055,65.83999633789062,63.970001220703125,528800,63.970001220703125
55,2016-08-02,65.37999725341797,59.790000915527344,65.0,60.790000915527344,733100,60.790000915527344
56,2016-08-03,62.189998626708984,58.880001068115234,60.58000183105469,61.0,506400,61.0
57,2016-08-04,64.68000030517578,60.75,61.7599983215332,64.48999786376953,519000,64.48999786376953
58,2016-08-05,65.23999786376953,63.0,65.23999786376953,64.0,417600,64.0
59,2016-08-08,65.87000274658203,63.54999923706055,64.83999633789062,64.41000366210938,320400,64.41000366210938
60,2016-08-09,68.0999984741211,64.51000213623047,65.5,67.02999877929688,544700,67.02999877929688
61,2016-08-10,70.43000030517578,67.55000305175781,68.38999938964844,69.19999694824219,1114400,69.19999694824219
62,2016-08-11,73.5,67.51000213623047,71.62999725341797,67.69999694824219,1633800,67.69999694824219
63,2016-08-12,98.75,83.0,83.5,95.66999816894531,5134800,95.66999816894531
64,2016-08-15,109.36000061035156,99.33000183105469,103.2300033569336,102.33000183105469,3890500,102.33000183105469
65,2016-08-16,106.54000091552734,97.0199966430664,99.68000030517578,102.16999816894531,2239900,102.16999816894531
66,2016-08-17,115.4800033569336,101.0999984741211,101.16000366210938,115.29000091552734,2582800,115.29000091552734
67,2016-08-18,124.9000015258789,114.05000305175781,118.0,117.86000061035156,3429600,117.86000061035156
68,2016-08-19,119.38999938964844,111.30999755859375,115.0,114.77999877929688,1400300,114.77999877929688
69,2016-08-22,119.19000244140625,113.3499984741211,113.77999877929688,117.58999633789062,1343300,117.58999633789062
70,2016-08-23,120.0,110.5,120.0,110.88999938964844,1663800,110.88999938964844
71,2016-08-24,110.30999755859375,101.44999694824219,107.69000244140625,101.94999694824219,2609200,101.94999694824219
72,2016-08-25,105.7300033569336,100.27999877929688,100.58999633789062,101.1500015258789,1114300,101.1500015258789
73,2016-08-26,109.47000122070312,100.30999755859375,101.66000366210938,107.86000061035156,2585500,107.86000061035156
74,2016-08-29,115.4800033569336,107.25,107.41000366210938,113.5,2850500,113.5
75,2016-08-30,116.8499984741211,112.38999938964844,114.5,114.56999969482422,1751100,114.56999969482422
76,2016-08-31,115.51000213623047,110.5,114.88999938964844,111.6500015258789,1079200,111.6500015258789
77,2016-09-01,114.0,110.83000183105469,113.83000183105469,112.0999984741211,683800,112.0999984741211
78,2016-09-02,117.52999877929688,112.0,112.63999938964844,113.13999938964844,1203000,113.13999938964844
79,2016-09-06,127.19999694824219,114.66000366210938,115.19999694824219,123.44000244140625,3502100,123.44000244140625
80,2016-09-07,128.72999572753906,118.01000213623047,125.0,120.19999694824219,2044900,120.19999694824219
81,2016-09-08,121.26000213623047,116.0,119.0,117.88999938964844,1074400,117.88999938964844
82,2016-09-09,121.94000244140625,103.19999694824219,117.88999938964844,106.41000366210938,3802900,106.41000366210938
83,2016-09-12,112.5,103.01000213623047,103.26000213623047,112.48999786376953,2240000,112.48999786376953
84,2016-09-13,110.0,104.04000091552734,110.0,106.30000305175781,2074300,106.30000305175781
85,2016-09-14,110.91000366210938,104.5,108.5,105.05999755859375,1444000,105.05999755859375
86,2016-09-15,107.80000305175781,104.25,106.01000213623047,105.95999908447266,1314000,105.95999908447266
87,2016-09-16,113.48999786376953,104.75,104.95999908447266,112.81999969482422,2273100,112.81999969482422
88,2016-09-19,117.9000015258789,113.8499984741211,116.69000244140625,114.26000213623047,1120500,114.26000213623047
89,2016-09-20,117.0,107.5,116.05000305175781,109.27999877929688,1615400,109.27999877929688
90,2016-09-21,119.80999755859375,108.55999755859375,111.48999786376953,118.48999786376953,1735500,118.48999786376953
91,2016-09-22,121.0,115.01000213623047,119.25,116.69000244140625,1890500,116.69000244140625
92,2016-09-23,121.86000061035156,114.75,116.5,119.33999633789062,1661000,119.33999633789062
93,2016-09-26,111.37999725341797,106.5,110.0,107.12000274658203,3287700,107.12000274658203
94,2016-09-27,110.26000213623047,103.0,108.95999908447266,104.9000015258789,2207700,104.9000015258789
95,2016-09-28,107.30000305175781,99.98999786376953,104.9000015258789,103.47000122070312,1800200,103.47000122070312
96,2016-09-29,106.97000122070312,102.05000305175781,104.23999786376953,102.9800033569336,1879400,102.9800033569336
97,2016-09-30,106.44999694824219,102.4000015258789,103.80000305175781,103.27999877929688,1340900,103.27999877929688
98,2016-10-03,104.0,98.0999984741211,103.16999816894531,99.5,1016700,99.5
99,2016-10-04,105.9000015258789,98.04000091552734,98.04000091552734,102.0,2667800,102.0
100,2016-10-05,116.5,108.76000213623047,110.2300033569336,113.54000091552734,3897200,113.54000091552734
101,2016-10-06,113.30000305175781,109.0,111.97000122070312,109.41999816894531,1158500,109.41999816894531
102,2016-10-07,104.80000305175781,99.5,102.94999694824219,100.0,7600600,100.0
103,2016-10-10,101.66000366210938,92.0,100.75,92.5,5482500,92.5
104,2016-10-11,96.3499984741211,89.62000274658203,93.87999725341797,90.19000244140625,3267800,90.19000244140625
105,2016-10-12,93.94999694824219,88.05000305175781,90.75,88.45999908447266,1892200,88.45999908447266
106,2016-10-13,94.94000244140625,87.0,87.30000305175781,93.91999816894531,3219900,93.91999816894531
107,2016-10-14,96.20999908447266,89.0,93.76000213623047,92.01000213623047,4381400,92.01000213623047
108,2016-10-17,93.66000366210938,89.7300033569336,92.0,91.83999633789062,1396200,91.83999633789062
109,2016-10-18,94.0,89.51000213623047,93.0,90.83999633789062,1418000,90.83999633789062
110,2016-10-19,92.29000091552734,88.20999908447266,90.37000274658203,88.37000274658203,1156400,88.37000274658203
111,2016-10-20,88.37000274658203,85.19999694824219,88.0,85.44000244140625,1469900,85.44000244140625
112,2016-10-21,86.88999938964844,82.68000030517578,85.0,84.79000091552734,1801000,84.79000091552734
113,2016-10-24,91.5,84.05000305175781,85.30000305175781,91.2699966430664,2158200,91.2699966430664
114,2016-10-25,90.9000015258789,86.01000213623047,90.80000305175781,86.5,1616300,86.5
115,2016-10-26,89.9800033569336,85.0999984741211,85.72000122070312,87.52999877929688,1313800,87.52999877929688
116,2016-10-27,88.66000366210938,72.19999694824219,87.5,73.66000366210938,8536700,73.66000366210938
117,2016-10-28,75.88999938964844,67.61000061035156,71.86000061035156,71.23999786376953,3976800,71.23999786376953
118,2016-10-31,74.38999938964844,69.5199966430664,72.70999908447266,69.69000244140625,2121500,69.69000244140625
119,2016-11-01,71.25,67.12000274658203,70.77999877929688,68.41999816894531,2212000,68.41999816894531
120,2016-11-02,74.25,67.69000244140625,70.0199966430664,68.3499984741211,2791700,68.3499984741211
121,2016-11-03,70.0199966430664,62.689998626708984,69.5999984741211,63.2599983215332,2799100,63.2599983215332
122,2016-11-04,65.25,61.79999923706055,64.98999786376953,62.88999938964844,2406300,62.88999938964844
123,2016-11-07,68.29000091552734,64.27999877929688,65.44000244140625,65.66999816894531,2539600,65.66999816894531
124,2016-11-08,72.7300033569336,66.04000091552734,66.97000122070312,71.33000183105469,2711900,71.33000183105469
125,2016-11-09,77.5999984741211,67.80000305175781,70.5199966430664,73.0199966430664,3910900,73.0199966430664
126,2016-11-10,76.37000274658203,67.76000213623047,76.20999908447266,71.68000030517578,2972900,71.68000030517578
127,2016-11-11,77.0,66.37999725341797,69.47000122070312,70.93000030517578,3819500,70.93000030517578
128,2016-11-14,71.6500015258789,66.9000015258789,71.01000213623047,67.41000366210938,1524100,67.41000366210938
129,2016-11-15,75.13999938964844,67.6500015258789,68.0,74.86000061035156,2734200,74.86000061035156
130,2016-11-16,79.11000061035156,73.2699966430664,73.6500015258789,76.41000366210938,2121100,76.41000366210938
131,2016-11-17,78.4000015258789,73.80000305175781,77.0,74.12999725341797,1491000,74.12999725341797
132,2016-11-18,76.0,72.12000274658203,74.0,74.88999938964844,1108400,74.88999938964844
133,2016-11-21,76.44999694824219,72.37000274658203,76.0,73.23999786376953,1270400,73.23999786376953
134,2016-11-22,78.0,72.5,73.19999694824219,77.41999816894531,1796800,77.41999816894531
135,2016-11-23,77.19000244140625,74.30999755859375,77.02999877929688,74.91000366210938,1005000,74.91000366210938
136,2016-11-25,78.69000244140625,75.01000213623047,75.16000366210938,78.0199966430664,891900,78.0199966430664
137,2016-11-28,79.37999725341797,72.51000213623047,77.94999694824219,72.93000030517578,1575200,72.93000030517578
138,2016-11-29,73.5,69.30999755859375,72.9800033569336,70.66999816894531,1132300,70.66999816894531
139,2016-11-30,72.25,69.04000091552734,71.1500015258789,69.26000213623047,1085000,69.26000213623047
140,2016-12-01,69.19000244140625,64.52999877929688,69.19000244140625,65.37000274658203,1551900,65.37000274658203
141,2016-12-02,66.77999877929688,64.51000213623047,65.29000091552734,66.41000366210938,721200,66.41000366210938
142,2016-12-05,69.33000183105469,66.91999816894531,66.91999816894531,69.05999755859375,734500,69.05999755859375
143,2016-12-06,70.26000213623047,67.30999755859375,69.05999755859375,70.13999938964844,604800,70.13999938964844
144,2016-12-07,72.75,69.68000030517578,70.37000274658203,72.58000183105469,832100,72.58000183105469
145,2016-12-08,74.75,69.72000122070312,72.12000274658203,69.87999725341797,1163300,69.87999725341797
146,2016-12-09,71.5,66.58999633789062,70.33999633789062,66.88999938964844,1173000,66.88999938964844
147,2016-12-12,67.5,65.7699966430664,66.5,67.44000244140625,540800,67.44000244140625
148,2016-12-13,68.83999633789062,65.44999694824219,67.52999877929688,65.58999633789062,798500,65.58999633789062
149,2016-12-14,66.61000061035156,64.80999755859375,65.0,65.43000030517578,840600,65.43000030517578
150,2016-12-15,67.44999694824219,65.02999877929688,65.47000122070312,67.12000274658203,828500,67.12000274658203
151,2016-12-16,68.27999877929688,65.44000244140625,67.48999786376953,66.37999725341797,1072100,66.37999725341797
152,2016-12-19,67.19999694824219,64.94999694824219,66.1500015258789,66.63999938964844,687800,66.63999938964844
153,2016-12-20,68.56999969482422,65.51000213623047,66.7699966430664,66.94999694824219,829900,66.94999694824219
154,2016-12-21,67.4800033569336,65.06999969482422,66.83999633789062,65.94999694824219,913900,65.94999694824219
155,2016-12-22,69.97000122070312,64.20999908447266,66.25,65.62000274658203,1579900,65.62000274658203
156,2016-12-23,66.95999908447266,65.0999984741211,65.20999908447266,65.69000244140625,454500,65.69000244140625
157,2016-12-27,67.48999786376953,65.30999755859375,65.6500015258789,67.19000244140625,477400,67.19000244140625
158,2016-12-28,68.5,65.52999877929688,67.5,65.9000015258789,650500,65.9000015258789
159,2016-12-29,66.25,62.81999969482422,65.66000366210938,63.15999984741211,1239500,63.15999984741211
160,2016-12-30,63.9900016784668,61.5,63.13999938964844,61.75,855900,61.75
161,2017-01-03,64.4800033569336,61.04999923706055,62.150001525878906,61.709999084472656,1002100,61.709999084472656
162,2017-01-04,63.290000915527344,60.060001373291016,61.41999816894531,62.90999984741211,1239700,62.90999984741211
163,2017-01-05,63.5,60.369998931884766,63.5,60.689998626708984,1678700,60.689998626708984
164,2017-01-06,61.939998626708984,59.119998931884766,60.689998626708984,60.959999084472656,865500,60.959999084472656
165,2017-01-09,64.0,60.099998474121094,60.43000030517578,63.619998931884766,1287400,63.619998931884766
166,2017-01-10,64.63999938964844,56.310001373291016,64.0,57.540000915527344,4183300,57.540000915527344
167,2017-01-11,59.880001068115234,57.25,57.79999923706055,59.5,1661600,59.5
168,2017-01-12,61.75,59.5,60.0,61.5099983215332,1723100,61.5099983215332
169,2017-01-13,62.04999923706055,59.56999969482422,61.540000915527344,61.150001525878906,728100,61.150001525878906
170,2017-01-17,61.0,59.29999923706055,60.540000915527344,59.45000076293945,608100,59.45000076293945
171,2017-01-18,60.970001220703125,59.20000076293945,59.2400016784668,60.0099983215332,599200,60.0099983215332
172,2017-01-19,63.900001525878906,60.5,60.52000045776367,63.290000915527344,1465600,63.290000915527344
173,2017-01-20,63.84000015258789,61.369998931884766,63.540000915527344,62.459999084472656,909200,62.459999084472656
174,2017-01-23,63.41999816894531,61.88999938964844,62.2599983215332,62.880001068115234,398600,62.880001068115234
175,2017-01-24,67.7699966430664,63.470001220703125,63.47999954223633,67.5999984741211,1764700,67.5999984741211
176,2017-01-25,68.0999984741211,63.04999923706055,68.06999969482422,63.90999984741211,2259800,63.90999984741211
177,2017-01-26,63.70000076293945,61.04999923706055,62.97999954223633,62.29999923706055,922000,62.29999923706055
178,2017-01-27,63.29999923706055,60.54999923706055,61.720001220703125,60.97999954223633,737600,60.97999954223633
179,2017-01-30,60.959999084472656,57.38999938964844,60.66999816894531,58.27000045776367,1715000,58.27000045776367
180,2017-01-31,58.86000061035156,57.5,58.47999954223633,58.16999816894531,929600,58.16999816894531
181,2017-02-01,59.61000061035156,54.25,59.61000061035156,54.97999954223633,2268900,54.97999954223633
182,2017-02-02,58.68000030517578,56.150001525878906,56.970001220703125,57.34000015258789,2221000,57.34000015258789
183,2017-02-03,58.11000061035156,55.599998474121094,57.41999816894531,57.25,1585200,57.25
184,2017-02-06,56.790000915527344,55.45000076293945,56.75,55.540000915527344,977700,55.540000915527344
185,2017-02-07,56.130001068115234,54.2599983215332,55.970001220703125,54.810001373291016,1269200,54.810001373291016
186,2017-02-08,56.29999923706055,54.5,54.59000015258789,56.25,913400,56.25
187,2017-02-09,57.380001068115234,55.31999969482422,56.150001525878906,56.68000030517578,1063000,56.68000030517578
188,2017-02-10,56.61000061035156,54.880001068115234,56.5099983215332,56.02000045776367,970900,56.02000045776367
189,2017-02-13,61.95000076293945,56.38999938964844,57.0,61.61000061035156,2603100,61.61000061035156
190,2017-02-14,65.94000244140625,60.72999954223633,61.970001220703125,65.70999908447266,3589000,65.70999908447266
191,2017-02-15,66.5,62.75,65.0999984741211,64.91999816894531,2204600,64.91999816894531
192,2017-02-16,66.80000305175781,63.25,65.05000305175781,64.19000244140625,1251500,64.19000244140625
193,2017-02-17,66.69999694824219,64.29000091552734,64.33999633789062,66.58000183105469,1494700,66.58000183105469
194,2017-02-21,69.56999969482422,66.02999877929688,68.0,66.54000091552734,2383800,66.54000091552734
195,2017-02-22,67.37999725341797,61.45000076293945,67.04000091552734,62.220001220703125,2500400,62.220001220703125
196,2017-02-23,64.37000274658203,59.0099983215332,63.97999954223633,63.43000030517578,4667700,63.43000030517578
197,2017-02-24,55.88999938964844,52.599998474121094,52.79999923706055,54.040000915527344,5175700,54.040000915527344
198,2017-02-27,54.61000061035156,52.599998474121094,54.369998931884766,53.0,1983100,53.0
199,2017-02-28,54.099998474121094,51.66999816894531,52.58000183105469,51.95000076293945,1590000,51.95000076293945
200,2017-03-01,52.9900016784668,50.52000045776367,52.5099983215332,52.150001525878906,1695800,52.150001525878906
201,2017-03-02,52.310001373291016,50.630001068115234,51.599998474121094,51.29999923706055,1780500,51.29999923706055
202,2017-03-03,53.630001068115234,50.880001068115234,51.40999984741211,53.20000076293945,1451600,53.20000076293945
203,2017-03-06,53.439998626708984,52.279998779296875,53.0,52.779998779296875,1010500,52.779998779296875
204,2017-03-07,53.650001525878906,51.56999969482422,52.54999923706055,51.81999969482422,959700,51.81999969482422
205,2017-03-08,51.9900016784668,49.650001525878906,51.75,50.779998779296875,1244600,50.779998779296875
206,2017-03-09,52.97999954223633,50.5,50.59000015258789,52.630001068115234,1229400,52.630001068115234
207,2017-03-10,52.2400016784668,50.369998931884766,51.459999084472656,50.560001373291016,1705100,50.560001373291016
208,2017-03-13,51.5099983215332,50.38999938964844,50.43000030517578,51.150001525878906,633400,51.150001525878906
209,2017-03-14,51.5,50.4900016784668,50.79999923706055,51.16999816894531,687900,51.16999816894531
210,2017-03-15,51.72999954223633,50.560001373291016,50.79999923706055,51.65999984741211,1576300,51.65999984741211
211,2017-03-16,54.09000015258789,51.08000183105469,51.41999816894531,52.189998626708984,1792900,52.189998626708984
212,2017-03-17,55.470001220703125,52.29999923706055,52.810001373291016,55.02000045776367,2136300,55.02000045776367
213,2017-03-20,55.68000030517578,53.52000045776367,55.029998779296875,54.09000015258789,1101700,54.09000015258789
214,2017-03-21,56.02000045776367,53.0099983215332,53.880001068115234,53.5,1967100,53.5
215,2017-03-22,59.0,52.86000061035156,53.209999084472656,58.900001525878906,2236600,58.900001525878906
216,2017-03-23,58.880001068115234,55.689998626708984,58.880001068115234,56.0099983215332,1647000,56.0099983215332
217,2017-03-24,59.380001068115234,55.88999938964844,56.099998474121094,56.689998626708984,1758200,56.689998626708984
218,2017-03-27,58.18000030517578,55.06999969482422,56.529998779296875,57.279998779296875,1296000,57.279998779296875
219,2017-03-28,57.95000076293945,56.0,56.970001220703125,56.619998931884766,845100,56.619998931884766
220,2017-03-29,58.849998474121094,56.65999984741211,56.65999984741211,57.689998626708984,1657000,57.689998626708984
221,2017-03-30,58.310001373291016,56.66999816894531,57.349998474121094,57.86000061035156,758500,57.86000061035156
222,2017-03-31,60.099998474121094,57.56999969482422,58.08000183105469,58.619998931884766,1929400,58.619998931884766
223,2017-04-03,61.150001525878906,57.7599983215332,59.02000045776367,59.650001525878906,2257300,59.650001525878906
224,2017-04-04,59.900001525878906,57.869998931884766,59.459999084472656,58.7400016784668,1238200,58.7400016784668
225,2017-04-05,59.400001525878906,55.54999923706055,58.38999938964844,56.65999984741211,1586100,56.65999984741211
226,2017-04-06,57.599998474121094,56.029998779296875,56.36000061035156,57.029998779296875,655000,57.029998779296875
227,2017-04-07,57.779998779296875,55.75,57.16999816894531,56.0,972100,56.0
228,2017-04-10,56.29999923706055,54.650001525878906,55.79999923706055,55.220001220703125,729600,55.220001220703125
229,2017-04-11,55.5,54.0,54.869998931884766,54.61000061035156,743300,54.61000061035156
230,2017-04-12,54.75,53.25,54.43000030517578,53.88999938964844,862100,53.88999938964844
231,2017-04-13,56.380001068115234,54.0,55.31999969482422,54.06999969482422,1263600,54.06999969482422
232,2017-04-17,55.209999084472656,54.0099983215332,54.16999816894531,54.29999923706055,681300,54.29999923706055
233,2017-04-18,54.22999954223633,52.56999969482422,53.75,52.70000076293945,1220200,52.70000076293945
234,2017-04-19,53.22999954223633,51.689998626708984,52.709999084472656,52.150001525878906,1575400,52.150001525878906
235,2017-04-20,53.7599983215332,51.90999984741211,52.18000030517578,53.560001373291016,977200,53.560001373291016
236,2017-04-21,53.939998626708984,52.0099983215332,53.75,52.02000045776367,832900,52.02000045776367
237,2017-04-24,54.04999923706055,52.5099983215332,52.79999923706055,53.16999816894531,752800,53.16999816894531
238,2017-04-25,54.27000045776367,52.0,53.5,54.130001068115234,1600700,54.130001068115234
239,2017-04-26,54.369998931884766,47.959999084472656,54.02000045776367,48.08000183105469,3515300,48.08000183105469
240,2017-04-27,49.0,46.529998779296875,48.75,46.599998474121094,1734600,46.599998474121094
241,2017-04-28,47.0,44.880001068115234,46.66999816894531,45.84000015258789,1598600,45.84000015258789
242,2017-05-01,47.189998626708984,45.7400016784668,46.04999923706055,47.06999969482422,1071400,47.06999969482422
243,2017-05-02,47.0,45.36000061035156,46.970001220703125,46.29999923706055,1154300,46.29999923706055
244,2017-05-03,45.290000915527344,42.47999954223633,45.16999816894531,44.83000183105469,2451500,44.83000183105469
245,2017-05-04,46.0,44.65999984741211,45.15999984741211,44.91999816894531,990900,44.91999816894531
246,2017-05-05,48.29999923706055,45.31999969482422,45.31999969482422,47.52000045776367,1460400,47.52000045776367
247,2017-05-08,48.0,46.380001068115234,47.779998779296875,46.849998474121094,809800,46.849998474121094
248,2017-05-09,49.40999984741211,47.20000076293945,47.20000076293945,48.40999984741211,2080000,48.40999984741211
249,2017-05-10,45.25,42.5,42.75,44.47999954223633,5049900,44.47999954223633
250,2017-05-11,46.5,43.25,43.599998474121094,46.27000045776367,1562100,46.27000045776367
251,2017-05-12,47.810001373291016,44.97999954223633,46.060001373291016,47.709999084472656,1008100,47.709999084472656
252,2017-05-15,49.04999923706055,47.75,47.75,48.66999816894531,1110100,48.66999816894531
253,2017-05-16,49.25,47.380001068115234,49.099998474121094,48.40999984741211,690700,48.40999984741211
254,2017-05-17,47.27000045776367,45.099998474121094,46.400001525878906,45.130001068115234,866600,45.130001068115234
255,2017-05-18,45.9900016784668,44.45000076293945,44.75,44.97999954223633,745300,44.97999954223633
256,2017-05-19,45.630001068115234,44.119998931884766,45.029998779296875,44.18000030517578,485800,44.18000030517578
257,2017-05-22,49.5,44.900001525878906,45.20000076293945,48.849998474121094,2027900,48.849998474121094
258,2017-05-23,49.150001525878906,46.880001068115234,48.349998474121094,48.18000030517578,1518500,48.18000030517578
259,2017-05-24,49.68000030517578,47.5,48.040000915527344,48.61000061035156,1041800,48.61000061035156
260,2017-05-25,49.75,45.0,48.9900016784668,46.33000183105469,920500,46.33000183105469
261,2017-05-26,48.599998474121094,45.619998931884766,45.91999816894531,47.970001220703125,712700,47.970001220703125
262,2017-05-30,48.400001525878906,45.84000015258789,48.11000061035156,46.40999984741211,645300,46.40999984741211
263,2017-05-31,47.099998474121094,43.75,43.77000045776367,47.040000915527344,1607500,47.040000915527344
264,2017-06-01,47.880001068115234,46.369998931884766,47.45000076293945,47.47999954223633,874400,47.47999954223633
265,2017-06-02,48.36000061035156,47.08000183105469,47.16999816894531,47.29999923706055,521700,47.29999923706055
266,2017-06-05,47.9900016784668,45.900001525878906,46.970001220703125,46.0099983215332,1032200,46.0099983215332
267,2017-06-06,48.47999954223633,45.060001373291016,45.2599983215332,48.09000015258789,978100,48.09000015258789
268,2017-06-07,48.34000015258789,46.540000915527344,48.04999923706055,47.349998474121094,574900,47.349998474121094
269,2017-06-08,48.68000030517578,46.88999938964844,47.09000015258789,48.290000915527344,494600,48.290000915527344
270,2017-06-09,48.209999084472656,44.709999084472656,48.0099983215332,46.099998474121094,860100,46.099998474121094
271,2017-06-12,45.9900016784668,44.90999984741211,45.15999984741211,45.45000076293945,779200,45.45000076293945
272,2017-06-13,46.349998474121094,44.599998474121094,45.81999969482422,45.7400016784668,786300,45.7400016784668
273,2017-06-14,46.400001525878906,45.16999816894531,46.0,45.31999969482422,493300,45.31999969482422
274,2017-06-15,45.29999923706055,43.41999816894531,44.70000076293945,44.459999084472656,686900,44.459999084472656
275,2017-06-16,45.45000076293945,44.189998626708984,44.959999084472656,45.08000183105469,786000,45.08000183105469
276,2017-06-19,45.70000076293945,44.04999923706055,44.65999984741211,45.099998474121094,800400,45.099998474121094
277,2017-06-20,45.349998474121094,43.619998931884766,44.560001373291016,43.75,608900,43.75
278,2017-06-21,43.9900016784668,39.86000061035156,43.9900016784668,40.9900016784668,2176700,40.9900016784668
279,2017-06-22,42.5,39.83000183105469,41.189998626708984,41.63999938964844,1226600,41.63999938964844
280,2017-06-23,44.810001373291016,42.310001373291016,42.630001068115234,44.619998931884766,2779900,44.619998931884766
281,2017-06-26,44.779998779296875,42.41999816894531,44.52000045776367,43.33000183105469,828500,43.33000183105469
282,2017-06-27,43.650001525878906,41.560001373291016,42.900001525878906,41.619998931884766,639800,41.619998931884766
283,2017-06-28,42.779998779296875,41.290000915527344,41.79999923706055,42.52000045776367,571600,42.52000045776367
284,2017-06-29,42.349998474121094,40.45000076293945,42.349998474121094,41.380001068115234,748900,41.380001068115234
285,2017-06-30,42.130001068115234,40.540000915527344,41.470001220703125,41.470001220703125,532600,41.470001220703125
286,2017-07-03,41.779998779296875,40.099998474121094,41.709999084472656,40.25,443000,40.25
287,2017-07-05,40.970001220703125,39.5099983215332,40.20000076293945,40.380001068115234,682000,40.380001068115234
288,2017-07-06,41.5,39.75,39.75,40.58000183105469,626300,40.58000183105469
289,2017-07-07,42.7400016784668,40.66999816894531,40.68000030517578,42.27000045776367,641500,42.27000045776367
290,2017-07-10,43.099998474121094,41.13999938964844,42.11000061035156,42.400001525878906,835300,42.400001525878906
291,2017-07-11,42.349998474121094,41.02000045776367,42.0099983215332,41.349998474121094,633000,41.349998474121094
292,2017-07-12,41.88999938964844,40.720001220703125,41.5,41.65999984741211,555900,41.65999984741211
293,2017-07-13,42.4900016784668,41.310001373291016,42.040000915527344,41.619998931884766,491400,41.619998931884766
294,2017-07-14,42.599998474121094,38.75,40.810001373291016,39.0,3574800,39.0
295,2017-07-17,40.099998474121094,38.5,38.959999084472656,39.9900016784668,1231400,39.9900016784668
296,2017-07-18,40.25,39.400001525878906,39.779998779296875,39.61000061035156,562000,39.61000061035156
297,2017-07-19,42.630001068115234,39.68000030517578,39.77000045776367,42.4900016784668,1552100,42.4900016784668
298,2017-07-20,42.779998779296875,41.5099983215332,42.0,42.18000030517578,488000,42.18000030517578
299,2017-07-21,45.16999816894531,41.79999923706055,42.18000030517578,43.77000045776367,1232400,43.77000045776367
300,2017-07-24,44.59000015258789,42.54999923706055,44.13999938964844,43.58000183105469,836100,43.58000183105469
301,2017-07-25,45.689998626708984,42.779998779296875,43.459999084472656,45.599998474121094,1097100,45.599998474121094
302,2017-07-26,45.61000061035156,44.060001373291016,45.529998779296875,44.77000045776367,982700,44.77000045776367
303,2017-07-27,45.810001373291016,41.86000061035156,44.61000061035156,43.54999923706055,1183500,43.54999923706055
304,2017-07-28,43.65999984741211,42.220001220703125,42.959999084472656,43.54999923706055,566200,43.54999923706055
305,2017-07-31,44.47999954223633,43.0,44.439998626708984,43.77000045776367,554000,43.77000045776367
306,2017-08-01,46.45000076293945,43.810001373291016,44.20000076293945,46.369998931884766,961900,46.369998931884766
307,2017-08-02,45.939998626708984,44.029998779296875,44.650001525878906,44.52000045776367,1169000,44.52000045776367
308,2017-08-03,45.5099983215332,44.43000030517578,45.40999984741211,45.220001220703125,1054200,45.220001220703125
309,2017-08-04,47.779998779296875,44.02000045776367,46.79999923706055,45.349998474121094,1541300,45.349998474121094
310,2017-08-07,46.97999954223633,44.599998474121094,44.7400016784668,46.86000061035156,574200,46.86000061035156
311,2017-08-08,49.25,46.75,46.75,47.880001068115234,825900,47.880001068115234
312,2017-08-09,47.91999816894531,46.0099983215332,47.7599983215332,46.25,721000,46.25
313,2017-08-10,45.849998474121094,42.900001525878906,45.66999816894531,42.9900016784668,812400,42.9900016784668
314,2017-08-11,44.33000183105469,42.849998474121094,42.900001525878906,43.83000183105469,330200,43.83000183105469
315,2017-08-14,44.83000183105469,43.59000015258789,44.38999938964844,43.68000030517578,544500,43.68000030517578
316,2017-08-15,43.779998779296875,42.849998474121094,43.779998779296875,43.709999084472656,593000,43.709999084472656
317,2017-08-16,44.97999954223633,42.959999084472656,43.630001068115234,44.209999084472656,476400,44.209999084472656
318,2017-08-17,45.2599983215332,43.790000915527344,44.279998779296875,43.90999984741211,549400,43.90999984741211
319,2017-08-18,44.27000045776367,43.0,43.47999954223633,43.79999923706055,439200,43.79999923706055
320,2017-08-21,43.77000045776367,41.619998931884766,43.709999084472656,42.5099983215332,633500,42.5099983215332
321,2017-08-22,43.20000076293945,41.720001220703125,42.630001068115234,42.709999084472656,436700,42.709999084472656
322,2017-08-23,45.810001373291016,42.22999954223633,42.22999954223633,45.060001373291016,733100,45.060001373291016
323,2017-08-24,50.099998474121094,46.439998626708984,46.459999084472656,48.220001220703125,2245100,48.220001220703125
324,2017-08-25,49.59000015258789,47.900001525878906,48.20000076293945,49.22999954223633,1001100,49.22999954223633
325,2017-08-28,49.75,47.91999816894531,49.18000030517578,48.59000015258789,575800,48.59000015258789
326,2017-08-29,49.61000061035156,46.59000015258789,47.25,49.5,670200,49.5
327,2017-08-30,49.439998626708984,47.7599983215332,48.95000076293945,48.11000061035156,634700,48.11000061035156
328,2017-08-31,49.4900016784668,47.20000076293945,48.209999084472656,48.83000183105469,502600,48.83000183105469
329,2017-09-01,49.650001525878906,47.84000015258789,48.91999816894531,48.11000061035156,355300,48.11000061035156
330,2017-09-05,48.470001220703125,45.5,47.779998779296875,45.560001373291016,565800,45.560001373291016
331,2017-09-06,46.70000076293945,45.20000076293945,45.75,45.4900016784668,308200,45.4900016784668
332,2017-09-07,45.88999938964844,44.15999984741211,45.779998779296875,44.529998779296875,394800,44.529998779296875
333,2017-09-08,45.720001220703125,43.209999084472656,44.22999954223633,43.58000183105469,646800,43.58000183105469
334,2017-09-11,45.709999084472656,44.0,44.0,45.40999984741211,500900,45.40999984741211
335,2017-09-12,47.09000015258789,44.63999938964844,45.099998474121094,46.22999954223633,391600,46.22999954223633
336,2017-09-13,47.43000030517578,45.7400016784668,46.18000030517578,45.91999816894531,615400,45.91999816894531
337,2017-09-14,46.36000061035156,44.52000045776367,45.75,44.65999984741211,514200,44.65999984741211
338,2017-09-15,45.25,44.11000061035156,44.119998931884766,44.68000030517578,784200,44.68000030517578
339,2017-09-18,46.630001068115234,44.34000015258789,44.38999938964844,45.83000183105469,685700,45.83000183105469
340,2017-09-19,50.08000183105469,46.06999969482422,47.790000915527344,47.54999923706055,1798300,47.54999923706055
341,2017-09-20,47.75,46.5,47.52000045776367,47.08000183105469,988800,47.08000183105469
342,2017-09-21,47.630001068115234,45.29999923706055,46.5,46.349998474121094,633500,46.349998474121094
343,2017-09-22,47.38999938964844,45.959999084472656,45.959999084472656,46.810001373291016,319800,46.810001373291016
344,2017-09-25,46.7599983215332,44.43000030517578,46.22999954223633,45.029998779296875,449700,45.029998779296875
345,2017-09-26,45.70000076293945,44.349998474121094,45.599998474121094,44.79999923706055,463500,44.79999923706055
346,2017-09-27,47.349998474121094,45.040000915527344,45.040000915527344,46.630001068115234,593800,46.630001068115234
347,2017-09-28,48.75,45.84000015258789,46.380001068115234,47.2400016784668,657500,47.2400016784668
348,2017-09-29,47.97999954223633,46.779998779296875,47.41999816894531,47.099998474121094,322600,47.099998474121094
349,2017-10-02,48.7400016784668,46.849998474121094,46.900001525878906,48.0099983215332,419900,48.0099983215332
350,2017-10-03,48.7400016784668,47.619998931884766,47.77000045776367,48.2599983215332,339300,48.2599983215332
351,2017-10-04,48.77000045776367,47.0,47.810001373291016,47.459999084472656,392100,47.459999084472656
352,2017-10-05,46.59000015258789,45.61000061035156,46.20000076293945,46.31999969482422,631800,46.31999969482422
353,2017-10-06,48.380001068115234,45.81999969482422,46.0099983215332,48.02000045776367,488800,48.02000045776367
354,2017-10-09,48.900001525878906,46.65999984741211,48.43000030517578,47.33000183105469,299800,47.33000183105469
355,2017-10-10,47.72999954223633,46.63999938964844,47.34000015258789,46.900001525878906,307900,46.900001525878906
356,2017-10-11,47.65999984741211,46.099998474121094,46.79999923706055,46.20000076293945,362300,46.20000076293945
357,2017-10-12,46.56999969482422,45.7599983215332,46.099998474121094,45.93000030517578,257500,45.93000030517578
358,2017-10-13,46.59000015258789,45.5,45.81999969482422,46.0,298700,46.0
359,2017-10-16,46.43000030517578,45.40999984741211,45.65999984741211,45.59000015258789,288300,45.59000015258789
360,2017-10-17,45.900001525878906,45.20000076293945,45.290000915527344,45.34000015258789,267000,45.34000015258789
361,2017-10-18,45.09000015258789,43.59000015258789,45.060001373291016,44.38999938964844,766500,44.38999938964844
362,2017-10-19,45.18000030517578,43.65999984741211,43.790000915527344,44.47999954223633,391500,44.47999954223633
363,2017-10-20,45.41999816894531,44.650001525878906,45.02000045776367,44.93000030517578,207400,44.93000030517578
364,2017-10-23,45.130001068115234,44.11000061035156,44.63999938964844,44.54999923706055,185800,44.54999923706055
365,2017-10-24,44.9900016784668,44.209999084472656,44.779998779296875,44.83000183105469,218400,44.83000183105469
366,2017-10-25,45.25,43.75,44.63999938964844,43.95000076293945,287800,43.95000076293945
367,2017-10-26,44.29999923706055,41.849998474121094,44.099998474121094,41.900001525878906,386600,41.900001525878906
368,2017-10-27,42.290000915527344,39.95000076293945,42.09000015258789,40.9900016784668,972400,40.9900016784668
369,2017-10-30,42.720001220703125,40.529998779296875,40.529998779296875,42.060001373291016,461200,42.060001373291016
370,2017-10-31,42.720001220703125,41.79999923706055,41.79999923706055,42.310001373291016,372700,42.310001373291016
371,2017-11-01,43.90999984741211,42.209999084472656,42.529998779296875,43.400001525878906,630400,43.400001525878906
372,2017-11-02,43.0,38.709999084472656,42.36000061035156,39.099998474121094,1658000,39.099998474121094
373,2017-11-03,39.88999938964844,36.75,39.099998474121094,36.81999969482422,1316600,36.81999969482422
374,2017-11-06,37.619998931884766,36.5,36.81999969482422,36.81999969482422,468400,36.81999969482422
375,2017-11-07,37.15999984741211,36.5,36.650001525878906,36.779998779296875,339200,36.779998779296875
376,2017-11-08,37.400001525878906,36.40999984741211,36.790000915527344,36.900001525878906,534200,36.900001525878906
377,2017-11-09,36.790000915527344,35.54999923706055,36.4900016784668,35.95000076293945,753800,35.95000076293945
378,2017-11-10,36.560001373291016,35.720001220703125,35.75,36.11000061035156,430300,36.11000061035156
379,2017-11-13,36.84000015258789,35.529998779296875,35.599998474121094,36.790000915527344,378300,36.790000915527344
380,2017-11-14,36.61000061035156,35.56999969482422,36.279998779296875,35.599998474121094,322100,35.599998474121094
381,2017-11-15,36.650001525878906,35.36000061035156,35.5,36.369998931884766,421300,36.369998931884766
382,2017-11-16,37.79999923706055,36.36000061035156,36.45000076293945,37.599998474121094,432400,37.599998474121094
383,2017-11-17,38.290000915527344,37.16999816894531,37.529998779296875,37.54999923706055,516200,37.54999923706055
384,2017-11-20,38.27000045776367,37.119998931884766,37.369998931884766,37.439998626708984,310100,37.439998626708984
385,2017-11-21,38.72999954223633,37.54999923706055,38.0,38.40999984741211,365000,38.40999984741211
386,2017-11-22,39.59000015258789,38.40999984741211,38.47999954223633,39.02000045776367,469300,39.02000045776367
387,2017-11-24,40.45000076293945,38.90999984741211,39.04999923706055,40.0,278500,40.0
388,2017-11-27,39.900001525878906,38.54999923706055,39.900001525878906,38.9900016784668,371600,38.9900016784668
389,2017-11-28,40.0,38.56999969482422,38.93000030517578,39.880001068115234,322400,39.880001068115234
390,2017-11-29,40.58000183105469,38.0,39.720001220703125,38.650001525878906,599400,38.650001525878906
391,2017-11-30,39.439998626708984,38.369998931884766,38.7599983215332,38.68000030517578,342800,38.68000030517578
392,2017-12-01,39.0,37.54999923706055,38.2400016784668,38.349998474121094,384900,38.349998474121094
393,2017-12-04,40.099998474121094,38.22999954223633,38.349998474121094,39.970001220703125,561300,39.970001220703125
394,2017-12-05,40.599998474121094,39.15999984741211,40.0,40.099998474121094,520600,40.099998474121094
395,2017-12-06,40.650001525878906,39.0099983215332,39.65999984741211,40.380001068115234,396500,40.380001068115234
396,2017-12-07,40.45000076293945,39.52000045776367,40.15999984741211,40.2599983215332,271800,40.2599983215332
397,2017-12-08,41.150001525878906,39.849998474121094,40.040000915527344,40.4900016784668,500900,40.4900016784668
398,2017-12-11,42.099998474121094,40.27000045776367,40.27000045776367,41.84000015258789,724300,41.84000015258789
399,2017-12-12,42.099998474121094,39.650001525878906,41.95000076293945,39.65999984741211,404800,39.65999984741211
400,2017-12-13,40.689998626708984,39.439998626708984,39.709999084472656,40.540000915527344,407700,40.540000915527344
401,2017-12-14,40.97999954223633,39.68000030517578,40.43000030517578,39.75,246200,39.75
402,2017-12-15,40.18000030517578,39.36000061035156,39.83000183105469,39.380001068115234,477400,39.380001068115234
403,2017-12-18,39.810001373291016,38.25,39.54999923706055,38.38999938964844,361900,38.38999938964844
404,2017-12-19,38.79999923706055,38.119998931884766,38.220001220703125,38.5,388400,38.5
405,2017-12-20,38.959999084472656,37.86000061035156,38.689998626708984,38.15999984741211,389700,38.15999984741211
406,2017-12-21,38.689998626708984,37.650001525878906,38.189998626708984,37.83000183105469,223400,37.83000183105469
407,2017-12-22,38.5099983215332,37.36000061035156,37.849998474121094,37.900001525878906,241200,37.900001525878906
408,2017-12-26,38.150001525878906,37.31999969482422,37.5,37.470001220703125,311200,37.470001220703125
409,2017-12-27,38.4900016784668,37.2599983215332,37.36000061035156,37.59000015258789,280000,37.59000015258789
410,2017-12-28,37.77000045776367,36.59000015258789,37.5099983215332,36.93000030517578,373200,36.93000030517578
411,2017-12-29,36.869998931884766,36.099998474121094,36.81999969482422,36.22999954223633,384500,36.22999954223633
412,2018-01-02,37.25,36.060001373291016,36.349998474121094,36.849998474121094,446200,36.849998474121094
413,2018-01-03,37.779998779296875,36.38999938964844,36.720001220703125,37.56999969482422,378800,37.56999969482422
414,2018-01-04,38.70000076293945,37.560001373291016,37.599998474121094,38.439998626708984,291000,38.439998626708984
415,2018-01-05,39.0,37.25,38.540000915527344,38.540000915527344,476600,38.540000915527344
416,2018-01-08,38.72999954223633,37.810001373291016,38.31999969482422,38.59000015258789,134500,38.59000015258789
417,2018-01-09,38.689998626708984,37.61000061035156,38.689998626708984,37.66999816894531,187800,37.66999816894531
418,2018-01-10,38.869998931884766,37.2599983215332,37.599998474121094,38.459999084472656,388200,38.459999084472656
419,2018-01-11,41.220001220703125,38.52000045776367,38.58000183105469,39.72999954223633,657500,39.72999954223633
420,2018-01-12,40.56999969482422,39.33000183105469,40.04999923706055,39.689998626708984,280100,39.689998626708984
421,2018-01-16,39.70000076293945,38.150001525878906,39.70000076293945,38.5099983215332,392600,38.5099983215332
422,2018-01-17,38.7599983215332,38.150001525878906,38.7599983215332,38.400001525878906,175500,38.400001525878906
423,2018-01-18,38.31999969482422,36.7400016784668,38.150001525878906,37.0099983215332,437200,37.0099983215332
424,2018-01-19,37.29999923706055,36.5099983215332,36.75,36.79999923706055,224200,36.79999923706055
425,2018-01-22,37.33000183105469,36.38999938964844,36.709999084472656,36.68000030517578,255100,36.68000030517578
426,2018-01-23,37.75,36.38999938964844,36.599998474121094,37.029998779296875,279000,37.029998779296875
427,2018-01-24,37.33000183105469,36.08000183105469,36.93000030517578,36.34000015258789,236100,36.34000015258789
428,2018-01-25,36.58000183105469,35.720001220703125,36.54999923706055,35.849998474121094,186100,35.849998474121094
429,2018-01-26,36.38999938964844,35.869998931884766,36.0,36.25,140500,36.25
430,2018-01-29,36.25,34.20000076293945,36.0099983215332,34.34000015258789,556300,34.34000015258789
431,2018-01-30,35.959999084472656,34.4900016784668,34.68000030517578,35.630001068115234,408200,35.630001068115234
432,2018-01-31,37.2400016784668,36.09000015258789,36.63999938964844,36.90999984741211,531700,36.90999984741211
433,2018-02-01,39.75,36.650001525878906,36.7400016784668,39.540000915527344,890200,39.540000915527344
434,2018-02-02,39.380001068115234,37.560001373291016,39.0,38.25,562600,38.25
435,2018-02-05,38.900001525878906,37.439998626708984,37.65999984741211,38.45000076293945,417000,38.45000076293945
436,2018-02-06,40.0,37.0,37.43000030517578,39.56999969482422,772100,39.56999969482422
437,2018-02-07,39.70000076293945,37.47999954223633,39.5099983215332,39.02000045776367,384900,39.02000045776367
438,2018-02-08,39.95000076293945,37.599998474121094,38.84000015258789,38.11000061035156,452600,38.11000061035156
439,2018-02-09,39.29999923706055,37.599998474121094,38.5099983215332,38.93000030517578,297200,38.93000030517578
440,2018-02-12,39.779998779296875,38.380001068115234,39.16999816894531,38.540000915527344,185300,38.540000915527344
441,2018-02-13,38.619998931884766,37.52000045776367,38.29999923706055,38.209999084472656,256500,38.209999084472656
442,2018-02-14,39.66999816894531,37.869998931884766,38.18000030517578,39.5,362300,39.5
443,2018-02-15,40.779998779296875,39.54999923706055,39.54999923706055,40.47999954223633,481100,40.47999954223633
444,2018-02-16,43.11000061035156,40.20000076293945,40.25,42.400001525878906,619600,42.400001525878906
445,2018-02-20,42.47999954223633,41.290000915527344,42.0,41.91999816894531,512100,41.91999816894531
446,2018-02-21,43.61000061035156,41.540000915527344,42.130001068115234,43.439998626708984,524200,43.439998626708984
447,2018-02-22,43.5,41.5,43.209999084472656,41.84000015258789,865500,41.84000015258789
448,2018-02-23,37.130001068115234,33.68000030517578,35.02000045776367,37.04999923706055,3723100,37.04999923706055
449,2018-02-26,39.86000061035156,36.11000061035156,36.4900016784668,38.54999923706055,1118800,38.54999923706055
450,2018-02-27,38.93000030517578,37.810001373291016,38.43000030517578,38.15999984741211,441100,38.15999984741211
451,2018-02-28,39.400001525878906,37.849998474121094,38.380001068115234,38.70000076293945,261800,38.70000076293945
452,2018-03-01,40.04999923706055,38.130001068115234,38.790000915527344,38.880001068115234,391600,38.880001068115234
453,2018-03-02,39.72999954223633,38.279998779296875,38.61000061035156,38.81999969482422,389600,38.81999969482422
454,2018-03-05,39.2599983215332,38.220001220703125,38.470001220703125,38.45000076293945,370400,38.45000076293945
455,2018-03-06,39.689998626708984,37.91999816894531,38.459999084472656,39.599998474121094,605400,39.599998474121094
456,2018-03-07,42.029998779296875,38.97999954223633,39.11000061035156,41.900001525878906,545500,41.900001525878906
457,2018-03-08,42.349998474121094,40.88999938964844,41.900001525878906,42.040000915527344,356600,42.040000915527344
458,2018-03-09,42.68000030517578,39.119998931884766,39.97999954223633,42.22999954223633,1055400,42.22999954223633
459,2018-03-12,45.310001373291016,43.27000045776367,43.4900016784668,44.84000015258789,1018000,44.84000015258789
460,2018-03-13,44.84000015258789,42.7599983215332,44.84000015258789,44.439998626708984,1659400,44.439998626708984
461,2018-03-14,44.79999923706055,42.29999923706055,44.79999923706055,42.38999938964844,444400,42.38999938964844
462,2018-03-15,44.0,42.41999816894531,42.5099983215332,43.689998626708984,642200,43.689998626708984
463,2018-03-16,44.83000183105469,43.380001068115234,43.58000183105469,43.91999816894531,833800,43.91999816894531
464,2018-03-19,43.90999984741211,41.31999969482422,43.90999984741211,41.970001220703125,723000,41.970001220703125
465,2018-03-20,42.560001373291016,41.099998474121094,42.040000915527344,42.5099983215332,647500,42.5099983215332
466,2018-03-21,43.290000915527344,41.43000030517578,42.5099983215332,42.65999984741211,203400,42.65999984741211
467,2018-03-22,42.970001220703125,41.13999938964844,42.209999084472656,41.59000015258789,281900,41.59000015258789
468,2018-03-23,41.900001525878906,40.58000183105469,41.790000915527344,41.060001373291016,261600,41.060001373291016
469,2018-03-26,41.599998474121094,39.58000183105469,41.54999923706055,40.540000915527344,421700,40.540000915527344
470,2018-03-27,41.4900016784668,39.349998474121094,40.59000015258789,39.54999923706055,271700,39.54999923706055
471,2018-03-28,39.400001525878906,36.900001525878906,39.31999969482422,37.2599983215332,438500,37.2599983215332
472,2018-03-29,38.900001525878906,36.290000915527344,37.5099983215332,38.459999084472656,552700,38.459999084472656
473,2018-04-02,38.849998474121094,36.7599983215332,38.040000915527344,37.060001373291016,458000,37.060001373291016
474,2018-04-03,37.540000915527344,35.11000061035156,37.400001525878906,35.79999923706055,495500,35.79999923706055
475,2018-04-04,36.02000045776367,34.31999969482422,35.220001220703125,35.81999969482422,527000,35.81999969482422
476,2018-04-05,37.290000915527344,35.619998931884766,35.7599983215332,36.02000045776367,400700,36.02000045776367
477,2018-04-06,36.41999816894531,35.310001373291016,35.849998474121094,35.88999938964844,315700,35.88999938964844
478,2018-04-09,36.65999984741211,35.02000045776367,35.970001220703125,35.310001373291016,314000,35.310001373291016
479,2018-04-10,37.31999969482422,35.65999984741211,35.869998931884766,37.029998779296875,278700,37.029998779296875
480,2018-04-11,39.529998779296875,36.560001373291016,36.849998474121094,38.5,453000,38.5
481,2018-04-12,39.630001068115234,38.119998931884766,38.86000061035156,39.349998474121094,397000,39.349998474121094
482,2018-04-13,40.2400016784668,39.29999923706055,39.5,40.029998779296875,440700,40.029998779296875
483,2018-04-16,31.0,24.719999313354492,30.940000534057617,25.6299991607666,12827500,25.6299991607666
484,2018-04-17,27.0,25.0,25.510000228881836,26.43000030517578,4336600,26.43000030517578
485,2018-04-18,26.700000762939453,25.469999313354492,26.610000610351562,25.56999969482422,2586700,25.56999969482422
486,2018-04-19,27.420000076293945,25.549999237060547,25.65999984741211,26.479999542236328,2019900,26.479999542236328
487,2018-04-20,28.040000915527344,26.239999771118164,26.729999542236328,27.559999465942383,1497900,27.559999465942383
488,2018-04-23,28.75,26.770000457763672,28.739999771118164,27.540000915527344,1458700,27.540000915527344
489,2018-04-24,29.770000457763672,27.700000762939453,27.8700008392334,29.360000610351562,1554100,29.360000610351562
490,2018-04-25,29.450000762939453,27.200000762939453,29.219999313354492,28.190000534057617,1658200,28.190000534057617
491,2018-04-26,28.709999084472656,27.540000915527344,27.959999084472656,27.979999542236328,719500,27.979999542236328
492,2018-04-27,29.389999389648438,27.950000762939453,29.170000076293945,28.280000686645508,908800,28.280000686645508
493,2018-04-30,28.469999313354492,27.520000457763672,28.299999237060547,28.149999618530273,544800,28.149999618530273
494,2018-05-01,28.950000762939453,27.3700008392334,28.229999542236328,28.770000457763672,947700,28.770000457763672
495,2018-05-02,29.299999237060547,28.469999313354492,28.899999618530273,29.040000915527344,688700,29.040000915527344
496,2018-05-03,29.93000030517578,28.469999313354492,29.049999237060547,29.079999923706055,1358900,29.079999923706055
497,2018-05-04,31.139999389648438,29.170000076293945,29.770000457763672,29.299999237060547,1987600,29.299999237060547
498,2018-05-07,32.029998779296875,29.760000228881836,29.799999237060547,30.969999313354492,1892100,30.969999313354492
499,2018-05-08,31.440000534057617,30.06999969482422,31.0,30.969999313354492,850000,30.969999313354492
500,2018-05-09,31.8700008392334,30.280000686645508,30.829999923706055,31.170000076293945,977700,31.170000076293945
501,2018-05-10,31.219999313354492,30.360000610351562,31.170000076293945,30.959999084472656,408900,30.959999084472656
502,2018-05-11,31.90999984741211,30.729999542236328,30.760000228881836,31.5,671300,31.5
503,2018-05-14,37.36000061035156,33.95000076293945,37.18000030517578,34.25,4655500,34.25
504,2018-05-15,33.900001525878906,32.54999923706055,33.7599983215332,33.08000183105469,1602400,33.08000183105469
505,2018-05-16,33.40999984741211,32.119998931884766,32.349998474121094,33.33000183105469,1335100,33.33000183105469
506,2018-05-17,33.38999938964844,32.36000061035156,33.349998474121094,32.54999923706055,1081700,32.54999923706055
507,2018-05-18,33.59000015258789,32.4900016784668,32.58000183105469,33.0,758400,33.0
508,2018-05-21,34.25,32.63999938964844,34.099998474121094,33.209999084472656,798100,33.209999084472656
509,2018-05-22,34.849998474121094,32.88999938964844,34.70000076293945,33.4900016784668,1618400,33.4900016784668
510,2018-05-23,33.470001220703125,32.31999969482422,33.470001220703125,32.400001525878906,711000,32.400001525878906
511,2018-05-24,32.599998474121094,31.770000457763672,32.349998474121094,32.189998626708984,528900,32.189998626708984
512,2018-05-25,34.27000045776367,31.850000381469727,32.11000061035156,33.619998931884766,1461500,33.619998931884766
513,2018-05-29,34.18000030517578,32.91999816894531,34.13999938964844,33.470001220703125,711700,33.470001220703125
514,2018-05-30,33.5099983215332,32.02000045776367,33.400001525878906,32.869998931884766,804400,32.869998931884766
515,2018-05-31,33.0099983215332,31.799999237060547,32.9900016784668,32.34000015258789,702300,32.34000015258789
516,2018-06-01,33.02000045776367,32.369998931884766,32.47999954223633,32.790000915527344,598100,32.790000915527344
517,2018-06-04,33.189998626708984,32.400001525878906,32.900001525878906,32.790000915527344,471200,32.790000915527344
518,2018-06-05,33.83000183105469,32.31999969482422,32.790000915527344,33.34000015258789,1255500,33.34000015258789
519,2018-06-06,34.88999938964844,33.529998779296875,34.189998626708984,33.869998931884766,1470400,33.869998931884766
520,2018-06-07,35.400001525878906,33.16999816894531,35.310001373291016,33.529998779296875,1774300,33.529998779296875
521,2018-06-08,34.060001373291016,33.209999084472656,33.66999816894531,33.93000030517578,1172700,33.93000030517578
522,2018-06-11,34.83000183105469,33.599998474121094,34.2400016784668,34.720001220703125,811500,34.720001220703125
523,2018-06-12,35.65999984741211,34.0099983215332,34.04999923706055,35.2400016784668,979000,35.2400016784668
524,2018-06-13,35.5,34.75,35.029998779296875,35.20000076293945,722000,35.20000076293945
525,2018-06-14,35.63999938964844,35.0099983215332,35.40999984741211,35.31999969482422,436000,35.31999969482422
526,2018-06-15,35.220001220703125,34.56999969482422,35.029998779296875,34.97999954223633,560900,34.97999954223633
527,2018-06-18,35.40999984741211,34.150001525878906,34.7400016784668,35.2599983215332,436300,35.2599983215332
528,2018-06-19,34.810001373291016,33.369998931884766,33.900001525878906,33.939998626708984,511700,33.939998626708984
529,2018-06-20,35.11000061035156,34.08000183105469,34.220001220703125,34.650001525878906,371300,34.650001525878906
530,2018-06-21,34.7400016784668,32.77000045776367,34.47999954223633,33.20000076293945,492400,33.20000076293945
531,2018-06-22,33.4900016784668,32.29999923706055,33.349998474121094,33.33000183105469,1752200,33.33000183105469
532,2018-06-25,33.380001068115234,32.52000045776367,33.29999923706055,32.939998626708984,378400,32.939998626708984
533,2018-06-26,34.459999084472656,32.72999954223633,32.939998626708984,34.22999954223633,432800,34.22999954223633
534,2018-06-27,34.849998474121094,33.18000030517578,34.119998931884766,33.369998931884766,397200,33.369998931884766
535,2018-06-28,33.86000061035156,32.83000183105469,33.31999969482422,33.75,407700,33.75
536,2018-06-29,35.31999969482422,34.0,34.0,34.810001373291016,457600,34.810001373291016
537,2018-07-02,35.54999923706055,34.220001220703125,34.5,35.18000030517578,346500,35.18000030517578
538,2018-07-03,35.369998931884766,34.13999938964844,35.20000076293945,34.16999816894531,309700,34.16999816894531
539,2018-07-05,35.08000183105469,34.130001068115234,34.290000915527344,34.70000076293945,298300,34.70000076293945
540,2018-07-06,35.540000915527344,34.52000045776367,34.65999984741211,35.400001525878906,339500,35.400001525878906
541,2018-07-09,35.790000915527344,34.279998779296875,35.599998474121094,34.47999954223633,456200,34.47999954223633
542,2018-07-10,34.849998474121094,34.150001525878906,34.66999816894531,34.45000076293945,338200,34.45000076293945
543,2018-07-11,34.91999816894531,33.790000915527344,34.150001525878906,34.310001373291016,400700,34.310001373291016
544,2018-07-12,35.540000915527344,34.439998626708984,34.900001525878906,35.380001068115234,555500,35.380001068115234
545,2018-07-13,36.47999954223633,35.25,35.380001068115234,35.470001220703125,594000,35.470001220703125
546,2018-07-16,35.29999923706055,33.63999938964844,35.25,33.720001220703125,654900,33.720001220703125
547,2018-07-17,35.09000015258789,33.5,33.61000061035156,34.59000015258789,479800,34.59000015258789
548,2018-07-18,35.22999954223633,34.189998626708984,34.709999084472656,34.970001220703125,359000,34.970001220703125
549,2018-07-19,35.2599983215332,34.279998779296875,34.810001373291016,34.75,207300,34.75
550,2018-07-20,34.68000030517578,33.81999969482422,34.68000030517578,34.18000030517578,290100,34.18000030517578
551,2018-07-23,34.25,33.029998779296875,34.130001068115234,33.97999954223633,326400,33.97999954223633
552,2018-07-24,32.97999954223633,31.530000686645508,32.209999084472656,32.29999923706055,995500,32.29999923706055
553,2018-07-25,33.34000015258789,32.45000076293945,32.45000076293945,32.86000061035156,508700,32.86000061035156
554,2018-07-26,32.84000015258789,32.20000076293945,32.5099983215332,32.459999084472656,553800,32.459999084472656
555,2018-07-27,32.619998931884766,31.420000076293945,32.25,32.13999938964844,390200,32.13999938964844
556,2018-07-30,32.5,31.549999237060547,32.08000183105469,31.780000686645508,319400,31.780000686645508
557,2018-07-31,32.58000183105469,31.75,31.75,32.13999938964844,305300,32.13999938964844
558,2018-08-01,32.93000030517578,32.029998779296875,32.13999938964844,32.40999984741211,447300,32.40999984741211
559,2018-08-02,34.04999923706055,32.7400016784668,32.97999954223633,33.65999984741211,1160600,33.65999984741211
560,2018-08-03,41.0,37.400001525878906,38.29999923706055,37.93000030517578,4030600,37.93000030517578
561,2018-08-06,38.25,37.0,38.15999984741211,37.380001068115234,825800,37.380001068115234
562,2018-08-07,38.20000076293945,37.0099983215332,37.619998931884766,37.72999954223633,613500,37.72999954223633
563,2018-08-08,38.20000076293945,37.130001068115234,37.91999816894531,37.439998626708984,928600,37.439998626708984
564,2018-08-09,38.869998931884766,37.13999938964844,37.369998931884766,38.540000915527344,703900,38.540000915527344
565,2018-08-10,39.2599983215332,38.150001525878906,38.439998626708984,38.810001373291016,636800,38.810001373291016
566,2018-08-13,39.290000915527344,38.54999923706055,38.93000030517578,39.22999954223633,575600,39.22999954223633
567,2018-08-14,39.58000183105469,38.66999816894531,39.0,39.08000183105469,664000,39.08000183105469
568,2018-08-15,39.20000076293945,37.959999084472656,38.93000030517578,38.36000061035156,630900,38.36000061035156
569,2018-08-16,38.93000030517578,37.9900016784668,38.540000915527344,38.2599983215332,451600,38.2599983215332
570,2018-08-17,38.09000015258789,36.7400016784668,37.75,37.599998474121094,1037200,37.599998474121094
571,2018-08-20,37.97999954223633,37.040000915527344,37.70000076293945,37.36000061035156,410800,37.36000061035156
572,2018-08-21,37.959999084472656,37.4900016784668,37.4900016784668,37.599998474121094,418600,37.599998474121094
573,2018-08-22,38.22999954223633,37.369998931884766,37.7599983215332,38.22999954223633,304400,38.22999954223633
574,2018-08-23,41.93000030517578,39.04999923706055,39.45000076293945,41.349998474121094,1670000,41.349998474121094
575,2018-08-24,39.779998779296875,37.86000061035156,39.56999969482422,38.38999938964844,2040500,38.38999938964844
576,2018-08-27,39.279998779296875,38.130001068115234,38.58000183105469,39.0,501700,39.0
577,2018-08-28,39.38999938964844,38.7400016784668,39.22999954223633,39.279998779296875,323100,39.279998779296875
578,2018-08-29,39.900001525878906,39.18000030517578,39.369998931884766,39.849998474121094,353900,39.849998474121094
579,2018-08-30,40.900001525878906,39.56999969482422,39.97999954223633,39.790000915527344,575500,39.790000915527344
580,2018-08-31,40.81999969482422,39.47999954223633,39.77000045776367,40.77000045776367,352700,40.77000045776367
581,2018-09-04,40.869998931884766,39.849998474121094,40.68000030517578,40.779998779296875,388200,40.779998779296875
582,2018-09-05,40.790000915527344,39.369998931884766,40.790000915527344,40.2400016784668,301000,40.2400016784668
583,2018-09-06,40.4900016784668,39.29999923706055,40.2599983215332,39.75,322300,39.75
584,2018-09-07,41.04999923706055,39.650001525878906,39.650001525878906,39.709999084472656,402600,39.709999084472656
585,2018-09-10,40.630001068115234,39.630001068115234,39.83000183105469,40.40999984741211,222400,40.40999984741211
586,2018-09-11,40.59000015258789,39.540000915527344,40.369998931884766,40.189998626708984,326600,40.189998626708984
587,2018-09-12,40.38999938964844,39.13999938964844,40.06999969482422,40.099998474121094,320900,40.099998474121094
588,2018-09-13,40.709999084472656,39.459999084472656,40.20000076293945,39.5099983215332,367900,39.5099983215332
589,2018-09-14,39.97999954223633,38.2400016784668,39.470001220703125,39.380001068115234,814200,39.380001068115234
590,2018-09-17,39.880001068115234,38.119998931884766,39.279998779296875,39.099998474121094,488000,39.099998474121094
591,2018-09-18,39.099998474121094,37.54999923706055,37.75,38.779998779296875,599800,38.779998779296875
592,2018-09-19,39.43000030517578,38.630001068115234,38.630001068115234,39.119998931884766,456700,39.119998931884766
593,2018-09-20,40.599998474121094,38.84000015258789,39.22999954223633,40.220001220703125,402800,40.220001220703125
594,2018-09-21,40.650001525878906,39.5099983215332,40.25,39.790000915527344,864200,39.790000915527344
595,2018-09-24,40.2599983215332,39.09000015258789,39.4900016784668,40.2599983215332,310300,40.2599983215332
596,2018-09-25,40.91999816894531,39.72999954223633,40.130001068115234,40.2599983215332,498600,40.2599983215332
597,2018-09-26,42.72999954223633,40.27000045776367,40.41999816894531,42.150001525878906,959300,42.150001525878906
598,2018-09-27,42.68000030517578,41.130001068115234,41.95000076293945,41.54999923706055,418200,41.54999923706055
599,2018-09-28,42.08000183105469,41.09000015258789,41.540000915527344,41.369998931884766,456100,41.369998931884766
600,2018-10-01,42.08000183105469,40.31999969482422,41.29999923706055,40.540000915527344,315900,40.540000915527344
601,2018-10-02,41.20000076293945,40.310001373291016,40.470001220703125,40.54999923706055,248900,40.54999923706055
602,2018-10-03,41.45000076293945,40.02000045776367,40.68000030517578,41.41999816894531,283000,41.41999816894531
603,2018-10-04,41.310001373291016,39.81999969482422,40.900001525878906,40.79999923706055,421100,40.79999923706055
604,2018-10-05,41.18000030517578,38.16999816894531,40.63999938964844,38.970001220703125,666000,38.970001220703125
605,2018-10-08,39.099998474121094,37.470001220703125,38.79999923706055,38.09000015258789,465700,38.09000015258789
606,2018-10-09,39.0,37.709999084472656,38.06999969482422,37.90999984741211,367000,37.90999984741211
607,2018-10-10,38.0,35.970001220703125,37.720001220703125,36.5099983215332,530800,36.5099983215332
608,2018-10-11,37.7599983215332,36.369998931884766,36.369998931884766,36.63999938964844,328800,36.63999938964844
609,2018-10-12,38.04999923706055,36.25,36.25,37.599998474121094,376800,37.599998474121094
610,2018-10-15,38.400001525878906,37.22999954223633,37.459999084472656,38.2599983215332,302900,38.2599983215332
611,2018-10-16,39.88999938964844,38.34000015258789,38.47999954223633,39.720001220703125,485300,39.720001220703125
612,2018-10-17,39.90999984741211,38.97999954223633,39.72999954223633,39.779998779296875,272600,39.779998779296875
613,2018-10-18,39.79999923706055,38.720001220703125,39.65999984741211,38.790000915527344,226600,38.790000915527344
614,2018-10-19,39.279998779296875,37.59000015258789,38.439998626708984,37.72999954223633,257100,37.72999954223633
615,2018-10-22,38.779998779296875,37.869998931884766,37.93000030517578,38.29999923706055,205300,38.29999923706055
616,2018-10-23,38.209999084472656,36.189998626708984,37.720001220703125,37.7400016784668,396400,37.7400016784668
617,2018-10-24,37.86000061035156,35.11000061035156,37.61000061035156,35.27000045776367,538200,35.27000045776367
618,2018-10-25,36.93000030517578,35.619998931884766,35.619998931884766,36.709999084472656,581800,36.709999084472656
619,2018-10-26,36.209999084472656,34.45000076293945,36.209999084472656,34.75,778000,34.75
620,2018-10-29,35.279998779296875,32.97999954223633,35.2599983215332,33.45000076293945,569000,33.45000076293945
621,2018-10-30,34.68000030517578,33.16999816894531,33.459999084472656,34.400001525878906,1338900,34.400001525878906
622,2018-10-31,35.40999984741211,34.220001220703125,34.939998626708984,34.470001220703125,799700,34.470001220703125
623,2018-11-01,37.34000015258789,34.86000061035156,34.86000061035156,36.47999954223633,841600,36.47999954223633
624,2018-11-02,44.90999984741211,39.0,39.70000076293945,44.75,2977300,44.75
625,2018-11-05,47.2599983215332,44.5099983215332,44.7599983215332,46.119998931884766,1469600,46.119998931884766
626,2018-11-06,45.61000061035156,42.959999084472656,45.61000061035156,43.11000061035156,1177500,43.11000061035156
627,2018-11-07,45.36000061035156,43.220001220703125,43.619998931884766,45.220001220703125,906000,45.220001220703125
628,2018-11-08,46.77000045776367,44.540000915527344,44.79999923706055,46.63999938964844,1063700,46.63999938964844
629,2018-11-09,47.09000015258789,45.400001525878906,46.79999923706055,45.91999816894531,810200,45.91999816894531
630,2018-11-12,45.41999816894531,42.90999984741211,45.310001373291016,43.279998779296875,476700,43.279998779296875
631,2018-11-13,44.59000015258789,42.849998474121094,43.029998779296875,43.779998779296875,533400,43.779998779296875
632,2018-11-14,45.15999984741211,43.5,43.93000030517578,44.619998931884766,477400,44.619998931884766
633,2018-11-15,45.40999984741211,44.2400016784668,44.47999954223633,44.939998626708984,623000,44.939998626708984
634,2018-11-16,45.41999816894531,43.650001525878906,44.4900016784668,45.0099983215332,526500,45.0099983215332
635,2018-11-19,45.41999816894531,42.40999984741211,45.06999969482422,42.5099983215332,631600,42.5099983215332
636,2018-11-20,44.15999984741211,40.849998474121094,40.91999816894531,42.43000030517578,545400,42.43000030517578
637,2018-11-21,44.5099983215332,42.83000183105469,43.400001525878906,44.40999984741211,453900,44.40999984741211
638,2018-11-23,44.709999084472656,43.560001373291016,43.81999969482422,43.619998931884766,208000,43.619998931884766
639,2018-11-26,44.939998626708984,43.380001068115234,44.130001068115234,44.63999938964844,292100,44.63999938964844
640,2018-11-27,44.7400016784668,43.130001068115234,44.029998779296875,44.09000015258789,442400,44.09000015258789
641,2018-11-28,44.869998931884766,43.70000076293945,44.61000061035156,44.70000076293945,379900,44.70000076293945
642,2018-11-29,43.849998474121094,41.34000015258789,43.75,41.38999938964844,1013000,41.38999938964844
643,2018-11-30,43.02000045776367,41.06999969482422,41.59000015258789,42.880001068115234,601700,42.880001068115234
644,2018-12-03,44.5,43.06999969482422,44.31999969482422,43.66999816894531,693000,43.66999816894531
645,2018-12-04,44.279998779296875,42.65999984741211,43.29999923706055,42.7400016784668,463500,42.7400016784668
646,2018-12-06,42.560001373291016,40.560001373291016,41.630001068115234,42.279998779296875,775800,42.279998779296875
647,2018-12-07,42.75,39.54999923706055,42.18000030517578,39.619998931884766,733700,39.619998931884766
648,2018-12-10,41.119998931884766,39.459999084472656,39.459999084472656,40.790000915527344,650200,40.790000915527344
649,2018-12-11,42.65999984741211,40.810001373291016,41.470001220703125,41.29999923706055,490400,41.29999923706055
650,2018-12-12,43.84000015258789,42.0,42.0,42.869998931884766,529600,42.869998931884766
651,2018-12-13,43.79999923706055,42.2400016784668,43.2400016784668,42.2599983215332,341100,42.2599983215332
652,2018-12-14,42.7400016784668,40.7599983215332,42.040000915527344,41.0099983215332,262300,41.0099983215332
653,2018-12-17,41.59000015258789,39.06999969482422,40.79999923706055,39.86000061035156,526300,39.86000061035156
654,2018-12-18,40.56999969482422,39.20000076293945,40.15999984741211,39.34000015258789,380200,39.34000015258789
655,2018-12-19,40.099998474121094,38.08000183105469,39.220001220703125,38.58000183105469,402300,38.58000183105469
656,2018-12-20,39.400001525878906,37.68000030517578,38.33000183105469,38.4900016784668,389200,38.4900016784668
657,2018-12-21,38.869998931884766,36.349998474121094,38.869998931884766,36.52000045776367,750000,36.52000045776367
658,2018-12-24,37.209999084472656,36.0,36.040000915527344,36.16999816894531,172600,36.16999816894531
659,2018-12-26,38.08000183105469,36.279998779296875,36.36000061035156,38.029998779296875,246000,38.029998779296875
660,2018-12-27,38.310001373291016,36.459999084472656,37.29999923706055,37.65999984741211,406300,37.65999984741211
661,2018-12-28,38.33000183105469,37.06999969482422,38.0,37.689998626708984,296200,37.689998626708984
662,2018-12-31,38.20000076293945,37.540000915527344,38.0,38.0,461800,38.0
663,2019-01-02,38.84000015258789,37.0,37.75,38.36000061035156,363100,38.36000061035156
664,2019-01-03,38.0,36.04999923706055,37.7400016784668,36.72999954223633,512700,36.72999954223633
665,2019-01-04,38.86000061035156,36.7599983215332,37.45000076293945,38.439998626708984,817900,38.439998626708984
666,2019-01-07,39.7400016784668,38.220001220703125,38.540000915527344,39.16999816894531,470100,39.16999816894531
667,2019-01-08,41.77000045776367,39.22999954223633,39.70000076293945,41.65999984741211,765500,41.65999984741211
668,2019-01-09,43.220001220703125,41.279998779296875,41.75,41.959999084472656,628500,41.959999084472656
669,2019-01-10,43.22999954223633,41.20000076293945,41.599998474121094,42.470001220703125,282800,42.470001220703125
670,2019-01-11,43.31999969482422,42.04999923706055,42.25,42.689998626708984,214700,42.689998626708984
671,2019-01-14,42.459999084472656,41.459999084472656,42.209999084472656,41.90999984741211,360100,41.90999984741211
672,2019-01-15,43.290000915527344,41.91999816894531,41.91999816894531,42.86000061035156,191700,42.86000061035156
673,2019-01-16,43.36000061035156,42.2400016784668,43.029998779296875,42.29999923706055,238300,42.29999923706055
674,2019-01-17,43.04999923706055,41.709999084472656,42.150001525878906,42.61000061035156,267800,42.61000061035156
675,2019-01-18,43.25,42.4900016784668,42.810001373291016,42.630001068115234,351300,42.630001068115234
676,2019-01-22,42.70000076293945,40.86000061035156,42.400001525878906,41.279998779296875,293800,41.279998779296875
677,2019-01-23,42.29999923706055,41.29999923706055,41.40999984741211,42.08000183105469,299900,42.08000183105469
678,2019-01-24,44.0,42.18000030517578,42.25,43.189998626708984,456600,43.189998626708984
679,2019-01-25,44.599998474121094,43.209999084472656,43.209999084472656,44.04999923706055,380200,44.04999923706055
680,2019-01-28,44.0099983215332,42.75,43.130001068115234,43.31999969482422,263900,43.31999969482422
681,2019-01-29,43.90999984741211,42.29999923706055,43.439998626708984,42.529998779296875,327300,42.529998779296875
682,2019-01-30,43.47999954223633,42.34000015258789,43.11000061035156,43.13999938964844,448400,43.13999938964844
683,2019-01-31,44.630001068115234,43.310001373291016,43.380001068115234,43.5099983215332,494300,43.5099983215332
684,2019-02-01,44.119998931884766,42.900001525878906,43.47999954223633,43.09000015258789,416300,43.09000015258789
685,2019-02-04,43.0099983215332,42.13999938964844,42.33000183105469,42.34000015258789,721700,42.34000015258789
686,2019-02-05,43.72999954223633,42.31999969482422,42.56999969482422,42.97999954223633,475600,42.97999954223633
687,2019-02-06,43.720001220703125,42.5,43.15999984741211,42.619998931884766,402800,42.619998931884766
688,2019-02-07,42.45000076293945,41.5099983215332,42.22999954223633,41.959999084472656,331200,41.959999084472656
689,2019-02-08,42.29999923706055,41.58000183105469,41.630001068115234,41.7599983215332,444600,41.7599983215332
690,2019-02-11,42.90999984741211,41.349998474121094,42.029998779296875,42.86000061035156,460400,42.86000061035156
691,2019-02-12,43.63999938964844,42.900001525878906,42.900001525878906,43.38999938964844,475800,43.38999938964844
692,2019-02-13,45.0,43.68000030517578,43.75,43.689998626708984,467900,43.689998626708984
693,2019-02-14,44.790000915527344,43.25,43.380001068115234,44.43000030517578,535900,44.43000030517578
694,2019-02-15,44.79999923706055,43.91999816894531,44.7400016784668,44.65999984741211,558900,44.65999984741211
695,2019-02-19,45.5099983215332,44.29999923706055,44.65999984741211,45.31999969482422,681200,45.31999969482422
696,2019-02-20,47.040000915527344,45.349998474121094,45.47999954223633,46.59000015258789,785500,46.59000015258789
697,2019-02-21,48.290000915527344,46.849998474121094,46.97999954223633,47.16999816894531,1327700,47.16999816894531
698,2019-02-22,55.720001220703125,48.560001373291016,48.75,55.45000076293945,3608700,55.45000076293945
699,2019-02-25,57.529998779296875,55.900001525878906,56.0,56.459999084472656,1663800,56.459999084472656
700,2019-02-26,55.88999938964844,53.810001373291016,55.72999954223633,53.91999816894531,1578500,53.91999816894531
701,2019-02-27,53.77000045776367,52.34000015258789,53.52000045776367,53.47999954223633,1219600,53.47999954223633
702,2019-02-28,54.0,52.7599983215332,53.119998931884766,53.349998474121094,1708600,53.349998474121094
703,2019-03-01,55.0,53.369998931884766,53.810001373291016,54.189998626708984,872700,54.189998626708984
704,2019-03-04,56.119998931884766,54.5,54.5,55.52000045776367,1127400,55.52000045776367
705,2019-03-05,55.970001220703125,54.06999969482422,55.470001220703125,54.41999816894531,1127400,54.41999816894531
706,2019-03-06,54.2400016784668,52.540000915527344,54.220001220703125,53.4900016784668,1142500,53.4900016784668
707,2019-03-07,54.04999923706055,52.5,53.5099983215332,53.27000045776367,438300,53.27000045776367
708,2019-03-08,52.58000183105469,50.810001373291016,52.58000183105469,52.0,1391200,52.0
709,2019-03-11,54.09000015258789,52.04999923706055,52.22999954223633,53.59000015258789,1482300,53.59000015258789
710,2019-03-12,54.70000076293945,53.209999084472656,53.70000076293945,54.16999816894531,462200,54.16999816894531
711,2019-03-13,54.130001068115234,53.02000045776367,53.9900016784668,53.68000030517578,1055800,53.68000030517578
712,2019-03-14,54.029998779296875,53.15999984741211,53.95000076293945,53.45000076293945,566700,53.45000076293945
713,2019-03-15,54.70000076293945,53.5,53.63999938964844,54.16999816894531,1189800,54.16999816894531
714,2019-03-18,56.349998474121094,54.15999984741211,54.43000030517578,55.93000030517578,1468200,55.93000030517578
715,2019-03-19,56.63999938964844,55.189998626708984,56.04999923706055,55.630001068115234,906900,55.630001068115234
716,2019-03-20,56.33000183105469,54.83000183105469,55.58000183105469,55.650001525878906,894900,55.650001525878906
717,2019-03-21,58.54999923706055,55.439998626708984,55.439998626708984,58.09000015258789,1560200,58.09000015258789
718,2019-03-22,58.11000061035156,54.369998931884766,57.66999816894531,54.79999923706055,1393800,54.79999923706055
719,2019-03-25,55.52000045776367,53.619998931884766,54.68000030517578,55.11000061035156,1246000,55.11000061035156
720,2019-03-26,56.34000015258789,55.04999923706055,55.66999816894531,56.150001525878906,587100,56.150001525878906
721,2019-03-27,55.56999969482422,52.5,53.18000030517578,55.349998474121094,1226500,55.349998474121094
722,2019-03-28,59.54999923706055,56.029998779296875,56.59000015258789,57.91999816894531,1805400,57.91999816894531
723,2019-03-29,59.09000015258789,56.86000061035156,58.369998931884766,57.349998474121094,774900,57.349998474121094
724,2019-04-01,59.459999084472656,57.79999923706055,58.08000183105469,58.7400016784668,725500,58.7400016784668
725,2019-04-02,59.70000076293945,58.029998779296875,58.650001525878906,59.08000183105469,675400,59.08000183105469
726,2019-04-03,60.54999923706055,58.0099983215332,59.5,59.08000183105469,873300,59.08000183105469
727,2019-04-04,59.75,57.7400016784668,58.869998931884766,58.790000915527344,517500,58.790000915527344
728,2019-04-05,59.59000015258789,58.0,59.15999984741211,58.2400016784668,431800,58.2400016784668
729,2019-04-08,58.31999969482422,56.849998474121094,58.150001525878906,57.93000030517578,467000,57.93000030517578
730,2019-04-09,58.88999938964844,57.619998931884766,57.869998931884766,57.720001220703125,518400,57.720001220703125
731,2019-04-10,60.09000015258789,57.689998626708984,58.029998779296875,59.52000045776367,537400,59.52000045776367
732,2019-04-11,59.66999816894531,58.400001525878906,59.5,59.220001220703125,465500,59.220001220703125
733,2019-04-12,61.15999984741211,59.29999923706055,60.459999084472656,60.880001068115234,934000,60.880001068115234
734,2019-04-15,62.0,60.63999938964844,60.79999923706055,61.040000915527344,512900,61.040000915527344
735,2019-04-16,62.18000030517578,60.33000183105469,61.56999969482422,60.59000015258789,599500,60.59000015258789
736,2019-04-17,61.36000061035156,58.34000015258789,61.0,58.77000045776367,604200,58.77000045776367
737,2019-04-18,58.79999923706055,56.58000183105469,58.619998931884766,58.02000045776367,707300,58.02000045776367
738,2019-04-22,58.43000030517578,57.11000061035156,57.79999923706055,58.150001525878906,322100,58.150001525878906
739,2019-04-23,59.79999923706055,58.400001525878906,58.459999084472656,59.20000076293945,381100,59.20000076293945
740,2019-04-24,60.619998931884766,58.630001068115234,59.5,60.25,368900,60.25
741,2019-04-25,60.119998931884766,57.7599983215332,60.04999923706055,59.5099983215332,359500,59.5099983215332
742,2019-04-26,59.790000915527344,58.47999954223633,59.459999084472656,58.619998931884766,387600,58.619998931884766
743,2019-04-29,59.099998474121094,57.939998626708984,58.709999084472656,58.439998626708984,827900,58.439998626708984
744,2019-04-30,58.45000076293945,56.970001220703125,58.40999984741211,57.880001068115234,909900,57.880001068115234
745,2019-05-01,61.11000061035156,58.29999923706055,58.529998779296875,60.45000076293945,1237000,60.45000076293945
746,2019-05-02,61.900001525878906,59.40999984741211,60.15999984741211,60.54999923706055,881200,60.54999923706055
747,2019-05-03,59.650001525878906,57.18000030517578,59.650001525878906,59.0,1442200,59.0
748,2019-05-06,58.119998931884766,55.650001525878906,58.119998931884766,55.779998779296875,1151400,55.779998779296875
749,2019-05-07,55.0,52.54999923706055,55.0,54.27000045776367,1013800,54.27000045776367
750,2019-05-08,55.41999816894531,53.689998626708984,54.290000915527344,54.97999954223633,648100,54.97999954223633
751,2019-05-09,55.0099983215332,53.06999969482422,53.939998626708984,55.0,847500,55.0
752,2019-05-10,55.689998626708984,54.099998474121094,54.7400016784668,55.529998779296875,621600,55.529998779296875
753,2019-05-13,53.720001220703125,51.380001068115234,52.349998474121094,51.709999084472656,1338400,51.709999084472656
754,2019-05-14,53.470001220703125,51.79999923706055,51.79999923706055,52.9900016784668,517900,52.9900016784668
755,2019-05-15,53.25,51.630001068115234,52.619998931884766,52.95000076293945,692800,52.95000076293945
756,2019-05-16,52.18000030517578,49.5,51.95000076293945,49.869998931884766,1694700,49.869998931884766
757,2019-05-17,51.36000061035156,48.560001373291016,49.459999084472656,49.02000045776367,1596400,49.02000045776367
758,2019-05-20,49.20000076293945,47.650001525878906,47.77000045776367,48.470001220703125,1055600,48.470001220703125
759,2019-05-21,50.0099983215332,47.81999969482422,49.119998931884766,47.95000076293945,908800,47.95000076293945
760,2019-05-22,48.400001525878906,47.560001373291016,47.779998779296875,48.220001220703125,923200,48.220001220703125
761,2019-05-23,47.97999954223633,46.5099983215332,47.58000183105469,47.209999084472656,860900,47.209999084472656
762,2019-05-24,48.02000045776367,47.150001525878906,47.5,47.310001373291016,653100,47.310001373291016
763,2019-05-28,48.06999969482422,46.79999923706055,47.560001373291016,47.29999923706055,621400,47.29999923706055
764,2019-05-29,47.65999984741211,46.54999923706055,46.95000076293945,47.22999954223633,650500,47.22999954223633
765,2019-05-30,48.349998474121094,47.060001373291016,47.59000015258789,48.22999954223633,525000,48.22999954223633
766,2019-05-31,48.0099983215332,46.45000076293945,47.52000045776367,46.599998474121094,492800,46.599998474121094
767,2019-06-03,47.25,45.90999984741211,46.290000915527344,46.5,666100,46.5
768,2019-06-04,47.599998474121094,46.15999984741211,47.209999084472656,47.47999954223633,1069500,47.47999954223633
769,2019-06-05,48.290000915527344,46.90999984741211,47.75,47.9900016784668,1052500,47.9900016784668
770,2019-06-06,49.4900016784668,46.90999984741211,48.56999969482422,47.41999816894531,619000,47.41999816894531
771,2019-06-07,48.459999084472656,46.65999984741211,47.849998474121094,47.150001525878906,763600,47.150001525878906
772,2019-06-10,48.63999938964844,47.2400016784668,47.56999969482422,47.27000045776367,948100,47.27000045776367
773,2019-06-11,48.400001525878906,47.400001525878906,47.86000061035156,47.7400016784668,832200,47.7400016784668
774,2019-06-12,48.33000183105469,46.88999938964844,47.720001220703125,46.900001525878906,782900,46.900001525878906
775,2019-06-13,47.529998779296875,46.040000915527344,47.150001525878906,46.59000015258789,888500,46.59000015258789
776,2019-06-14,46.34000015258789,44.81999969482422,46.34000015258789,44.939998626708984,609100,44.939998626708984
777,2019-06-17,45.52000045776367,44.380001068115234,45.09000015258789,44.790000915527344,869800,44.790000915527344
778,2019-06-18,47.0,44.79999923706055,45.040000915527344,46.529998779296875,619600,46.529998779296875
779,2019-06-19,46.93000030517578,46.13999938964844,46.77000045776367,46.720001220703125,433700,46.720001220703125
780,2019-06-20,47.959999084472656,47.02000045776367,47.58000183105469,47.380001068115234,915400,47.380001068115234
781,2019-06-21,47.15999984741211,46.0099983215332,47.130001068115234,46.189998626708984,831400,46.189998626708984
